Stack,Input,Action
$ PROGRAM,DTINTEGER IDENTIFIER ASSIGN VINTEGER DOTCOMMA DTINTEGER IDENTIFIER OPAR DTINTEGER IDENTIFIER COMMA DTFLOAT IDENTIFIER CPAR OKEY DTINTEGER IDENTIFIER ASSIGN VINTEGER DOTCOMMA DTFLOAT IDENTIFIER ASSIGN VFLOAT DOTCOMMA DTBOOL IDENTIFIER ASSIGN IDENTIFIER DOTCOMMA PRINT OPAR IDENTIFIER CPAR DOTCOMMA RETURN IDENTIFIER DOTCOMMA CKEY DTINTEGER IDENTIFIER OPAR DTINTEGER IDENTIFIER CPAR OKEY DTINTEGER IDENTIFIER ASSIGN VINTEGER DOTCOMMA PRINT OPAR IDENTIFIER CPAR DOTCOMMA RETURN IDENTIFIER DOTCOMMA CKEY MAIN OKEY DTBOOL IDENTIFIER ASSIGN IDENTIFIER DOTCOMMA DTBOOL IDENTIFIER ASSIGN IDENTIFIER DOTCOMMA CKEY $,PROGRAM -> GLOBALASSIGNMENT FUNCTION' MAIN'
$ MAIN' FUNCTION' GLOBALASSIGNMENT,DTINTEGER IDENTIFIER ASSIGN VINTEGER DOTCOMMA DTINTEGER IDENTIFIER OPAR DTINTEGER IDENTIFIER COMMA DTFLOAT IDENTIFIER CPAR OKEY DTINTEGER IDENTIFIER ASSIGN VINTEGER DOTCOMMA DTFLOAT IDENTIFIER ASSIGN VFLOAT DOTCOMMA DTBOOL IDENTIFIER ASSIGN IDENTIFIER DOTCOMMA PRINT OPAR IDENTIFIER CPAR DOTCOMMA RETURN IDENTIFIER DOTCOMMA CKEY DTINTEGER IDENTIFIER OPAR DTINTEGER IDENTIFIER CPAR OKEY DTINTEGER IDENTIFIER ASSIGN VINTEGER DOTCOMMA PRINT OPAR IDENTIFIER CPAR DOTCOMMA RETURN IDENTIFIER DOTCOMMA CKEY MAIN OKEY DTBOOL IDENTIFIER ASSIGN IDENTIFIER DOTCOMMA DTBOOL IDENTIFIER ASSIGN IDENTIFIER DOTCOMMA CKEY $,GLOBALASSIGNMENT -> DATATYPE IDENTIFIER ASSIGN EXPRESSION DOTCOMMA
$ MAIN' FUNCTION' DOTCOMMA EXPRESSION ASSIGN IDENTIFIER DATATYPE,DTINTEGER IDENTIFIER ASSIGN VINTEGER DOTCOMMA DTINTEGER IDENTIFIER OPAR DTINTEGER IDENTIFIER COMMA DTFLOAT IDENTIFIER CPAR OKEY DTINTEGER IDENTIFIER ASSIGN VINTEGER DOTCOMMA DTFLOAT IDENTIFIER ASSIGN VFLOAT DOTCOMMA DTBOOL IDENTIFIER ASSIGN IDENTIFIER DOTCOMMA PRINT OPAR IDENTIFIER CPAR DOTCOMMA RETURN IDENTIFIER DOTCOMMA CKEY DTINTEGER IDENTIFIER OPAR DTINTEGER IDENTIFIER CPAR OKEY DTINTEGER IDENTIFIER ASSIGN VINTEGER DOTCOMMA PRINT OPAR IDENTIFIER CPAR DOTCOMMA RETURN IDENTIFIER DOTCOMMA CKEY MAIN OKEY DTBOOL IDENTIFIER ASSIGN IDENTIFIER DOTCOMMA DTBOOL IDENTIFIER ASSIGN IDENTIFIER DOTCOMMA CKEY $,DATATYPE -> DTINTEGER
$ MAIN' FUNCTION' DOTCOMMA EXPRESSION ASSIGN IDENTIFIER DTINTEGER,DTINTEGER IDENTIFIER ASSIGN VINTEGER DOTCOMMA DTINTEGER IDENTIFIER OPAR DTINTEGER IDENTIFIER COMMA DTFLOAT IDENTIFIER CPAR OKEY DTINTEGER IDENTIFIER ASSIGN VINTEGER DOTCOMMA DTFLOAT IDENTIFIER ASSIGN VFLOAT DOTCOMMA DTBOOL IDENTIFIER ASSIGN IDENTIFIER DOTCOMMA PRINT OPAR IDENTIFIER CPAR DOTCOMMA RETURN IDENTIFIER DOTCOMMA CKEY DTINTEGER IDENTIFIER OPAR DTINTEGER IDENTIFIER CPAR OKEY DTINTEGER IDENTIFIER ASSIGN VINTEGER DOTCOMMA PRINT OPAR IDENTIFIER CPAR DOTCOMMA RETURN IDENTIFIER DOTCOMMA CKEY MAIN OKEY DTBOOL IDENTIFIER ASSIGN IDENTIFIER DOTCOMMA DTBOOL IDENTIFIER ASSIGN IDENTIFIER DOTCOMMA CKEY $,Terminal
$ MAIN' FUNCTION' DOTCOMMA EXPRESSION ASSIGN IDENTIFIER,IDENTIFIER ASSIGN VINTEGER DOTCOMMA DTINTEGER IDENTIFIER OPAR DTINTEGER IDENTIFIER COMMA DTFLOAT IDENTIFIER CPAR OKEY DTINTEGER IDENTIFIER ASSIGN VINTEGER DOTCOMMA DTFLOAT IDENTIFIER ASSIGN VFLOAT DOTCOMMA DTBOOL IDENTIFIER ASSIGN IDENTIFIER DOTCOMMA PRINT OPAR IDENTIFIER CPAR DOTCOMMA RETURN IDENTIFIER DOTCOMMA CKEY DTINTEGER IDENTIFIER OPAR DTINTEGER IDENTIFIER CPAR OKEY DTINTEGER IDENTIFIER ASSIGN VINTEGER DOTCOMMA PRINT OPAR IDENTIFIER CPAR DOTCOMMA RETURN IDENTIFIER DOTCOMMA CKEY MAIN OKEY DTBOOL IDENTIFIER ASSIGN IDENTIFIER DOTCOMMA DTBOOL IDENTIFIER ASSIGN IDENTIFIER DOTCOMMA CKEY $,Terminal
$ MAIN' FUNCTION' DOTCOMMA EXPRESSION ASSIGN,ASSIGN VINTEGER DOTCOMMA DTINTEGER IDENTIFIER OPAR DTINTEGER IDENTIFIER COMMA DTFLOAT IDENTIFIER CPAR OKEY DTINTEGER IDENTIFIER ASSIGN VINTEGER DOTCOMMA DTFLOAT IDENTIFIER ASSIGN VFLOAT DOTCOMMA DTBOOL IDENTIFIER ASSIGN IDENTIFIER DOTCOMMA PRINT OPAR IDENTIFIER CPAR DOTCOMMA RETURN IDENTIFIER DOTCOMMA CKEY DTINTEGER IDENTIFIER OPAR DTINTEGER IDENTIFIER CPAR OKEY DTINTEGER IDENTIFIER ASSIGN VINTEGER DOTCOMMA PRINT OPAR IDENTIFIER CPAR DOTCOMMA RETURN IDENTIFIER DOTCOMMA CKEY MAIN OKEY DTBOOL IDENTIFIER ASSIGN IDENTIFIER DOTCOMMA DTBOOL IDENTIFIER ASSIGN IDENTIFIER DOTCOMMA CKEY $,Terminal
$ MAIN' FUNCTION' DOTCOMMA EXPRESSION,VINTEGER DOTCOMMA DTINTEGER IDENTIFIER OPAR DTINTEGER IDENTIFIER COMMA DTFLOAT IDENTIFIER CPAR OKEY DTINTEGER IDENTIFIER ASSIGN VINTEGER DOTCOMMA DTFLOAT IDENTIFIER ASSIGN VFLOAT DOTCOMMA DTBOOL IDENTIFIER ASSIGN IDENTIFIER DOTCOMMA PRINT OPAR IDENTIFIER CPAR DOTCOMMA RETURN IDENTIFIER DOTCOMMA CKEY DTINTEGER IDENTIFIER OPAR DTINTEGER IDENTIFIER CPAR OKEY DTINTEGER IDENTIFIER ASSIGN VINTEGER DOTCOMMA PRINT OPAR IDENTIFIER CPAR DOTCOMMA RETURN IDENTIFIER DOTCOMMA CKEY MAIN OKEY DTBOOL IDENTIFIER ASSIGN IDENTIFIER DOTCOMMA DTBOOL IDENTIFIER ASSIGN IDENTIFIER DOTCOMMA CKEY $,EXPRESSION -> TERM EXPRESSION'
$ MAIN' FUNCTION' DOTCOMMA EXPRESSION' TERM,VINTEGER DOTCOMMA DTINTEGER IDENTIFIER OPAR DTINTEGER IDENTIFIER COMMA DTFLOAT IDENTIFIER CPAR OKEY DTINTEGER IDENTIFIER ASSIGN VINTEGER DOTCOMMA DTFLOAT IDENTIFIER ASSIGN VFLOAT DOTCOMMA DTBOOL IDENTIFIER ASSIGN IDENTIFIER DOTCOMMA PRINT OPAR IDENTIFIER CPAR DOTCOMMA RETURN IDENTIFIER DOTCOMMA CKEY DTINTEGER IDENTIFIER OPAR DTINTEGER IDENTIFIER CPAR OKEY DTINTEGER IDENTIFIER ASSIGN VINTEGER DOTCOMMA PRINT OPAR IDENTIFIER CPAR DOTCOMMA RETURN IDENTIFIER DOTCOMMA CKEY MAIN OKEY DTBOOL IDENTIFIER ASSIGN IDENTIFIER DOTCOMMA DTBOOL IDENTIFIER ASSIGN IDENTIFIER DOTCOMMA CKEY $,TERM -> FACTOR TERM'
$ MAIN' FUNCTION' DOTCOMMA EXPRESSION' TERM' FACTOR,VINTEGER DOTCOMMA DTINTEGER IDENTIFIER OPAR DTINTEGER IDENTIFIER COMMA DTFLOAT IDENTIFIER CPAR OKEY DTINTEGER IDENTIFIER ASSIGN VINTEGER DOTCOMMA DTFLOAT IDENTIFIER ASSIGN VFLOAT DOTCOMMA DTBOOL IDENTIFIER ASSIGN IDENTIFIER DOTCOMMA PRINT OPAR IDENTIFIER CPAR DOTCOMMA RETURN IDENTIFIER DOTCOMMA CKEY DTINTEGER IDENTIFIER OPAR DTINTEGER IDENTIFIER CPAR OKEY DTINTEGER IDENTIFIER ASSIGN VINTEGER DOTCOMMA PRINT OPAR IDENTIFIER CPAR DOTCOMMA RETURN IDENTIFIER DOTCOMMA CKEY MAIN OKEY DTBOOL IDENTIFIER ASSIGN IDENTIFIER DOTCOMMA DTBOOL IDENTIFIER ASSIGN IDENTIFIER DOTCOMMA CKEY $,FACTOR -> DVORID
$ MAIN' FUNCTION' DOTCOMMA EXPRESSION' TERM' DVORID,VINTEGER DOTCOMMA DTINTEGER IDENTIFIER OPAR DTINTEGER IDENTIFIER COMMA DTFLOAT IDENTIFIER CPAR OKEY DTINTEGER IDENTIFIER ASSIGN VINTEGER DOTCOMMA DTFLOAT IDENTIFIER ASSIGN VFLOAT DOTCOMMA DTBOOL IDENTIFIER ASSIGN IDENTIFIER DOTCOMMA PRINT OPAR IDENTIFIER CPAR DOTCOMMA RETURN IDENTIFIER DOTCOMMA CKEY DTINTEGER IDENTIFIER OPAR DTINTEGER IDENTIFIER CPAR OKEY DTINTEGER IDENTIFIER ASSIGN VINTEGER DOTCOMMA PRINT OPAR IDENTIFIER CPAR DOTCOMMA RETURN IDENTIFIER DOTCOMMA CKEY MAIN OKEY DTBOOL IDENTIFIER ASSIGN IDENTIFIER DOTCOMMA DTBOOL IDENTIFIER ASSIGN IDENTIFIER DOTCOMMA CKEY $,DVORID -> VINTEGER
$ MAIN' FUNCTION' DOTCOMMA EXPRESSION' TERM' VINTEGER,VINTEGER DOTCOMMA DTINTEGER IDENTIFIER OPAR DTINTEGER IDENTIFIER COMMA DTFLOAT IDENTIFIER CPAR OKEY DTINTEGER IDENTIFIER ASSIGN VINTEGER DOTCOMMA DTFLOAT IDENTIFIER ASSIGN VFLOAT DOTCOMMA DTBOOL IDENTIFIER ASSIGN IDENTIFIER DOTCOMMA PRINT OPAR IDENTIFIER CPAR DOTCOMMA RETURN IDENTIFIER DOTCOMMA CKEY DTINTEGER IDENTIFIER OPAR DTINTEGER IDENTIFIER CPAR OKEY DTINTEGER IDENTIFIER ASSIGN VINTEGER DOTCOMMA PRINT OPAR IDENTIFIER CPAR DOTCOMMA RETURN IDENTIFIER DOTCOMMA CKEY MAIN OKEY DTBOOL IDENTIFIER ASSIGN IDENTIFIER DOTCOMMA DTBOOL IDENTIFIER ASSIGN IDENTIFIER DOTCOMMA CKEY $,Terminal
$ MAIN' FUNCTION' DOTCOMMA EXPRESSION' TERM',DOTCOMMA DTINTEGER IDENTIFIER OPAR DTINTEGER IDENTIFIER COMMA DTFLOAT IDENTIFIER CPAR OKEY DTINTEGER IDENTIFIER ASSIGN VINTEGER DOTCOMMA DTFLOAT IDENTIFIER ASSIGN VFLOAT DOTCOMMA DTBOOL IDENTIFIER ASSIGN IDENTIFIER DOTCOMMA PRINT OPAR IDENTIFIER CPAR DOTCOMMA RETURN IDENTIFIER DOTCOMMA CKEY DTINTEGER IDENTIFIER OPAR DTINTEGER IDENTIFIER CPAR OKEY DTINTEGER IDENTIFIER ASSIGN VINTEGER DOTCOMMA PRINT OPAR IDENTIFIER CPAR DOTCOMMA RETURN IDENTIFIER DOTCOMMA CKEY MAIN OKEY DTBOOL IDENTIFIER ASSIGN IDENTIFIER DOTCOMMA DTBOOL IDENTIFIER ASSIGN IDENTIFIER DOTCOMMA CKEY $,TERM' -> ε
$ MAIN' FUNCTION' DOTCOMMA EXPRESSION',DOTCOMMA DTINTEGER IDENTIFIER OPAR DTINTEGER IDENTIFIER COMMA DTFLOAT IDENTIFIER CPAR OKEY DTINTEGER IDENTIFIER ASSIGN VINTEGER DOTCOMMA DTFLOAT IDENTIFIER ASSIGN VFLOAT DOTCOMMA DTBOOL IDENTIFIER ASSIGN IDENTIFIER DOTCOMMA PRINT OPAR IDENTIFIER CPAR DOTCOMMA RETURN IDENTIFIER DOTCOMMA CKEY DTINTEGER IDENTIFIER OPAR DTINTEGER IDENTIFIER CPAR OKEY DTINTEGER IDENTIFIER ASSIGN VINTEGER DOTCOMMA PRINT OPAR IDENTIFIER CPAR DOTCOMMA RETURN IDENTIFIER DOTCOMMA CKEY MAIN OKEY DTBOOL IDENTIFIER ASSIGN IDENTIFIER DOTCOMMA DTBOOL IDENTIFIER ASSIGN IDENTIFIER DOTCOMMA CKEY $,EXPRESSION' -> ε
$ MAIN' FUNCTION' DOTCOMMA,DOTCOMMA DTINTEGER IDENTIFIER OPAR DTINTEGER IDENTIFIER COMMA DTFLOAT IDENTIFIER CPAR OKEY DTINTEGER IDENTIFIER ASSIGN VINTEGER DOTCOMMA DTFLOAT IDENTIFIER ASSIGN VFLOAT DOTCOMMA DTBOOL IDENTIFIER ASSIGN IDENTIFIER DOTCOMMA PRINT OPAR IDENTIFIER CPAR DOTCOMMA RETURN IDENTIFIER DOTCOMMA CKEY DTINTEGER IDENTIFIER OPAR DTINTEGER IDENTIFIER CPAR OKEY DTINTEGER IDENTIFIER ASSIGN VINTEGER DOTCOMMA PRINT OPAR IDENTIFIER CPAR DOTCOMMA RETURN IDENTIFIER DOTCOMMA CKEY MAIN OKEY DTBOOL IDENTIFIER ASSIGN IDENTIFIER DOTCOMMA DTBOOL IDENTIFIER ASSIGN IDENTIFIER DOTCOMMA CKEY $,Terminal
$ MAIN' FUNCTION',DTINTEGER IDENTIFIER OPAR DTINTEGER IDENTIFIER COMMA DTFLOAT IDENTIFIER CPAR OKEY DTINTEGER IDENTIFIER ASSIGN VINTEGER DOTCOMMA DTFLOAT IDENTIFIER ASSIGN VFLOAT DOTCOMMA DTBOOL IDENTIFIER ASSIGN IDENTIFIER DOTCOMMA PRINT OPAR IDENTIFIER CPAR DOTCOMMA RETURN IDENTIFIER DOTCOMMA CKEY DTINTEGER IDENTIFIER OPAR DTINTEGER IDENTIFIER CPAR OKEY DTINTEGER IDENTIFIER ASSIGN VINTEGER DOTCOMMA PRINT OPAR IDENTIFIER CPAR DOTCOMMA RETURN IDENTIFIER DOTCOMMA CKEY MAIN OKEY DTBOOL IDENTIFIER ASSIGN IDENTIFIER DOTCOMMA DTBOOL IDENTIFIER ASSIGN IDENTIFIER DOTCOMMA CKEY $,FUNCTION' -> DATATYPE IDENTIFIER OPAR PARAMETERS CPAR OKEY STATEMENTS LOOPS IFELSES CKEY FUNCTION'
$ MAIN' FUNCTION' CKEY IFELSES LOOPS STATEMENTS OKEY CPAR PARAMETERS OPAR IDENTIFIER DATATYPE,DTINTEGER IDENTIFIER OPAR DTINTEGER IDENTIFIER COMMA DTFLOAT IDENTIFIER CPAR OKEY DTINTEGER IDENTIFIER ASSIGN VINTEGER DOTCOMMA DTFLOAT IDENTIFIER ASSIGN VFLOAT DOTCOMMA DTBOOL IDENTIFIER ASSIGN IDENTIFIER DOTCOMMA PRINT OPAR IDENTIFIER CPAR DOTCOMMA RETURN IDENTIFIER DOTCOMMA CKEY DTINTEGER IDENTIFIER OPAR DTINTEGER IDENTIFIER CPAR OKEY DTINTEGER IDENTIFIER ASSIGN VINTEGER DOTCOMMA PRINT OPAR IDENTIFIER CPAR DOTCOMMA RETURN IDENTIFIER DOTCOMMA CKEY MAIN OKEY DTBOOL IDENTIFIER ASSIGN IDENTIFIER DOTCOMMA DTBOOL IDENTIFIER ASSIGN IDENTIFIER DOTCOMMA CKEY $,DATATYPE -> DTINTEGER
$ MAIN' FUNCTION' CKEY IFELSES LOOPS STATEMENTS OKEY CPAR PARAMETERS OPAR IDENTIFIER DTINTEGER,DTINTEGER IDENTIFIER OPAR DTINTEGER IDENTIFIER COMMA DTFLOAT IDENTIFIER CPAR OKEY DTINTEGER IDENTIFIER ASSIGN VINTEGER DOTCOMMA DTFLOAT IDENTIFIER ASSIGN VFLOAT DOTCOMMA DTBOOL IDENTIFIER ASSIGN IDENTIFIER DOTCOMMA PRINT OPAR IDENTIFIER CPAR DOTCOMMA RETURN IDENTIFIER DOTCOMMA CKEY DTINTEGER IDENTIFIER OPAR DTINTEGER IDENTIFIER CPAR OKEY DTINTEGER IDENTIFIER ASSIGN VINTEGER DOTCOMMA PRINT OPAR IDENTIFIER CPAR DOTCOMMA RETURN IDENTIFIER DOTCOMMA CKEY MAIN OKEY DTBOOL IDENTIFIER ASSIGN IDENTIFIER DOTCOMMA DTBOOL IDENTIFIER ASSIGN IDENTIFIER DOTCOMMA CKEY $,Terminal
$ MAIN' FUNCTION' CKEY IFELSES LOOPS STATEMENTS OKEY CPAR PARAMETERS OPAR IDENTIFIER,IDENTIFIER OPAR DTINTEGER IDENTIFIER COMMA DTFLOAT IDENTIFIER CPAR OKEY DTINTEGER IDENTIFIER ASSIGN VINTEGER DOTCOMMA DTFLOAT IDENTIFIER ASSIGN VFLOAT DOTCOMMA DTBOOL IDENTIFIER ASSIGN IDENTIFIER DOTCOMMA PRINT OPAR IDENTIFIER CPAR DOTCOMMA RETURN IDENTIFIER DOTCOMMA CKEY DTINTEGER IDENTIFIER OPAR DTINTEGER IDENTIFIER CPAR OKEY DTINTEGER IDENTIFIER ASSIGN VINTEGER DOTCOMMA PRINT OPAR IDENTIFIER CPAR DOTCOMMA RETURN IDENTIFIER DOTCOMMA CKEY MAIN OKEY DTBOOL IDENTIFIER ASSIGN IDENTIFIER DOTCOMMA DTBOOL IDENTIFIER ASSIGN IDENTIFIER DOTCOMMA CKEY $,Terminal
$ MAIN' FUNCTION' CKEY IFELSES LOOPS STATEMENTS OKEY CPAR PARAMETERS OPAR,OPAR DTINTEGER IDENTIFIER COMMA DTFLOAT IDENTIFIER CPAR OKEY DTINTEGER IDENTIFIER ASSIGN VINTEGER DOTCOMMA DTFLOAT IDENTIFIER ASSIGN VFLOAT DOTCOMMA DTBOOL IDENTIFIER ASSIGN IDENTIFIER DOTCOMMA PRINT OPAR IDENTIFIER CPAR DOTCOMMA RETURN IDENTIFIER DOTCOMMA CKEY DTINTEGER IDENTIFIER OPAR DTINTEGER IDENTIFIER CPAR OKEY DTINTEGER IDENTIFIER ASSIGN VINTEGER DOTCOMMA PRINT OPAR IDENTIFIER CPAR DOTCOMMA RETURN IDENTIFIER DOTCOMMA CKEY MAIN OKEY DTBOOL IDENTIFIER ASSIGN IDENTIFIER DOTCOMMA DTBOOL IDENTIFIER ASSIGN IDENTIFIER DOTCOMMA CKEY $,Terminal
$ MAIN' FUNCTION' CKEY IFELSES LOOPS STATEMENTS OKEY CPAR PARAMETERS,DTINTEGER IDENTIFIER COMMA DTFLOAT IDENTIFIER CPAR OKEY DTINTEGER IDENTIFIER ASSIGN VINTEGER DOTCOMMA DTFLOAT IDENTIFIER ASSIGN VFLOAT DOTCOMMA DTBOOL IDENTIFIER ASSIGN IDENTIFIER DOTCOMMA PRINT OPAR IDENTIFIER CPAR DOTCOMMA RETURN IDENTIFIER DOTCOMMA CKEY DTINTEGER IDENTIFIER OPAR DTINTEGER IDENTIFIER CPAR OKEY DTINTEGER IDENTIFIER ASSIGN VINTEGER DOTCOMMA PRINT OPAR IDENTIFIER CPAR DOTCOMMA RETURN IDENTIFIER DOTCOMMA CKEY MAIN OKEY DTBOOL IDENTIFIER ASSIGN IDENTIFIER DOTCOMMA DTBOOL IDENTIFIER ASSIGN IDENTIFIER DOTCOMMA CKEY $,PARAMETERS -> PARAMETER MORE_PARAMETERS
$ MAIN' FUNCTION' CKEY IFELSES LOOPS STATEMENTS OKEY CPAR MORE_PARAMETERS PARAMETER,DTINTEGER IDENTIFIER COMMA DTFLOAT IDENTIFIER CPAR OKEY DTINTEGER IDENTIFIER ASSIGN VINTEGER DOTCOMMA DTFLOAT IDENTIFIER ASSIGN VFLOAT DOTCOMMA DTBOOL IDENTIFIER ASSIGN IDENTIFIER DOTCOMMA PRINT OPAR IDENTIFIER CPAR DOTCOMMA RETURN IDENTIFIER DOTCOMMA CKEY DTINTEGER IDENTIFIER OPAR DTINTEGER IDENTIFIER CPAR OKEY DTINTEGER IDENTIFIER ASSIGN VINTEGER DOTCOMMA PRINT OPAR IDENTIFIER CPAR DOTCOMMA RETURN IDENTIFIER DOTCOMMA CKEY MAIN OKEY DTBOOL IDENTIFIER ASSIGN IDENTIFIER DOTCOMMA DTBOOL IDENTIFIER ASSIGN IDENTIFIER DOTCOMMA CKEY $,PARAMETER -> DATATYPE IDENTIFIER
$ MAIN' FUNCTION' CKEY IFELSES LOOPS STATEMENTS OKEY CPAR MORE_PARAMETERS IDENTIFIER DATATYPE,DTINTEGER IDENTIFIER COMMA DTFLOAT IDENTIFIER CPAR OKEY DTINTEGER IDENTIFIER ASSIGN VINTEGER DOTCOMMA DTFLOAT IDENTIFIER ASSIGN VFLOAT DOTCOMMA DTBOOL IDENTIFIER ASSIGN IDENTIFIER DOTCOMMA PRINT OPAR IDENTIFIER CPAR DOTCOMMA RETURN IDENTIFIER DOTCOMMA CKEY DTINTEGER IDENTIFIER OPAR DTINTEGER IDENTIFIER CPAR OKEY DTINTEGER IDENTIFIER ASSIGN VINTEGER DOTCOMMA PRINT OPAR IDENTIFIER CPAR DOTCOMMA RETURN IDENTIFIER DOTCOMMA CKEY MAIN OKEY DTBOOL IDENTIFIER ASSIGN IDENTIFIER DOTCOMMA DTBOOL IDENTIFIER ASSIGN IDENTIFIER DOTCOMMA CKEY $,DATATYPE -> DTINTEGER
$ MAIN' FUNCTION' CKEY IFELSES LOOPS STATEMENTS OKEY CPAR MORE_PARAMETERS IDENTIFIER DTINTEGER,DTINTEGER IDENTIFIER COMMA DTFLOAT IDENTIFIER CPAR OKEY DTINTEGER IDENTIFIER ASSIGN VINTEGER DOTCOMMA DTFLOAT IDENTIFIER ASSIGN VFLOAT DOTCOMMA DTBOOL IDENTIFIER ASSIGN IDENTIFIER DOTCOMMA PRINT OPAR IDENTIFIER CPAR DOTCOMMA RETURN IDENTIFIER DOTCOMMA CKEY DTINTEGER IDENTIFIER OPAR DTINTEGER IDENTIFIER CPAR OKEY DTINTEGER IDENTIFIER ASSIGN VINTEGER DOTCOMMA PRINT OPAR IDENTIFIER CPAR DOTCOMMA RETURN IDENTIFIER DOTCOMMA CKEY MAIN OKEY DTBOOL IDENTIFIER ASSIGN IDENTIFIER DOTCOMMA DTBOOL IDENTIFIER ASSIGN IDENTIFIER DOTCOMMA CKEY $,Terminal
$ MAIN' FUNCTION' CKEY IFELSES LOOPS STATEMENTS OKEY CPAR MORE_PARAMETERS IDENTIFIER,IDENTIFIER COMMA DTFLOAT IDENTIFIER CPAR OKEY DTINTEGER IDENTIFIER ASSIGN VINTEGER DOTCOMMA DTFLOAT IDENTIFIER ASSIGN VFLOAT DOTCOMMA DTBOOL IDENTIFIER ASSIGN IDENTIFIER DOTCOMMA PRINT OPAR IDENTIFIER CPAR DOTCOMMA RETURN IDENTIFIER DOTCOMMA CKEY DTINTEGER IDENTIFIER OPAR DTINTEGER IDENTIFIER CPAR OKEY DTINTEGER IDENTIFIER ASSIGN VINTEGER DOTCOMMA PRINT OPAR IDENTIFIER CPAR DOTCOMMA RETURN IDENTIFIER DOTCOMMA CKEY MAIN OKEY DTBOOL IDENTIFIER ASSIGN IDENTIFIER DOTCOMMA DTBOOL IDENTIFIER ASSIGN IDENTIFIER DOTCOMMA CKEY $,Terminal
$ MAIN' FUNCTION' CKEY IFELSES LOOPS STATEMENTS OKEY CPAR MORE_PARAMETERS,COMMA DTFLOAT IDENTIFIER CPAR OKEY DTINTEGER IDENTIFIER ASSIGN VINTEGER DOTCOMMA DTFLOAT IDENTIFIER ASSIGN VFLOAT DOTCOMMA DTBOOL IDENTIFIER ASSIGN IDENTIFIER DOTCOMMA PRINT OPAR IDENTIFIER CPAR DOTCOMMA RETURN IDENTIFIER DOTCOMMA CKEY DTINTEGER IDENTIFIER OPAR DTINTEGER IDENTIFIER CPAR OKEY DTINTEGER IDENTIFIER ASSIGN VINTEGER DOTCOMMA PRINT OPAR IDENTIFIER CPAR DOTCOMMA RETURN IDENTIFIER DOTCOMMA CKEY MAIN OKEY DTBOOL IDENTIFIER ASSIGN IDENTIFIER DOTCOMMA DTBOOL IDENTIFIER ASSIGN IDENTIFIER DOTCOMMA CKEY $,MORE_PARAMETERS -> COMMA PARAMETER MORE_PARAMETERS
$ MAIN' FUNCTION' CKEY IFELSES LOOPS STATEMENTS OKEY CPAR MORE_PARAMETERS PARAMETER COMMA,COMMA DTFLOAT IDENTIFIER CPAR OKEY DTINTEGER IDENTIFIER ASSIGN VINTEGER DOTCOMMA DTFLOAT IDENTIFIER ASSIGN VFLOAT DOTCOMMA DTBOOL IDENTIFIER ASSIGN IDENTIFIER DOTCOMMA PRINT OPAR IDENTIFIER CPAR DOTCOMMA RETURN IDENTIFIER DOTCOMMA CKEY DTINTEGER IDENTIFIER OPAR DTINTEGER IDENTIFIER CPAR OKEY DTINTEGER IDENTIFIER ASSIGN VINTEGER DOTCOMMA PRINT OPAR IDENTIFIER CPAR DOTCOMMA RETURN IDENTIFIER DOTCOMMA CKEY MAIN OKEY DTBOOL IDENTIFIER ASSIGN IDENTIFIER DOTCOMMA DTBOOL IDENTIFIER ASSIGN IDENTIFIER DOTCOMMA CKEY $,Terminal
$ MAIN' FUNCTION' CKEY IFELSES LOOPS STATEMENTS OKEY CPAR MORE_PARAMETERS PARAMETER,DTFLOAT IDENTIFIER CPAR OKEY DTINTEGER IDENTIFIER ASSIGN VINTEGER DOTCOMMA DTFLOAT IDENTIFIER ASSIGN VFLOAT DOTCOMMA DTBOOL IDENTIFIER ASSIGN IDENTIFIER DOTCOMMA PRINT OPAR IDENTIFIER CPAR DOTCOMMA RETURN IDENTIFIER DOTCOMMA CKEY DTINTEGER IDENTIFIER OPAR DTINTEGER IDENTIFIER CPAR OKEY DTINTEGER IDENTIFIER ASSIGN VINTEGER DOTCOMMA PRINT OPAR IDENTIFIER CPAR DOTCOMMA RETURN IDENTIFIER DOTCOMMA CKEY MAIN OKEY DTBOOL IDENTIFIER ASSIGN IDENTIFIER DOTCOMMA DTBOOL IDENTIFIER ASSIGN IDENTIFIER DOTCOMMA CKEY $,PARAMETER -> DATATYPE IDENTIFIER
$ MAIN' FUNCTION' CKEY IFELSES LOOPS STATEMENTS OKEY CPAR MORE_PARAMETERS IDENTIFIER DATATYPE,DTFLOAT IDENTIFIER CPAR OKEY DTINTEGER IDENTIFIER ASSIGN VINTEGER DOTCOMMA DTFLOAT IDENTIFIER ASSIGN VFLOAT DOTCOMMA DTBOOL IDENTIFIER ASSIGN IDENTIFIER DOTCOMMA PRINT OPAR IDENTIFIER CPAR DOTCOMMA RETURN IDENTIFIER DOTCOMMA CKEY DTINTEGER IDENTIFIER OPAR DTINTEGER IDENTIFIER CPAR OKEY DTINTEGER IDENTIFIER ASSIGN VINTEGER DOTCOMMA PRINT OPAR IDENTIFIER CPAR DOTCOMMA RETURN IDENTIFIER DOTCOMMA CKEY MAIN OKEY DTBOOL IDENTIFIER ASSIGN IDENTIFIER DOTCOMMA DTBOOL IDENTIFIER ASSIGN IDENTIFIER DOTCOMMA CKEY $,DATATYPE -> DTFLOAT
$ MAIN' FUNCTION' CKEY IFELSES LOOPS STATEMENTS OKEY CPAR MORE_PARAMETERS IDENTIFIER DTFLOAT,DTFLOAT IDENTIFIER CPAR OKEY DTINTEGER IDENTIFIER ASSIGN VINTEGER DOTCOMMA DTFLOAT IDENTIFIER ASSIGN VFLOAT DOTCOMMA DTBOOL IDENTIFIER ASSIGN IDENTIFIER DOTCOMMA PRINT OPAR IDENTIFIER CPAR DOTCOMMA RETURN IDENTIFIER DOTCOMMA CKEY DTINTEGER IDENTIFIER OPAR DTINTEGER IDENTIFIER CPAR OKEY DTINTEGER IDENTIFIER ASSIGN VINTEGER DOTCOMMA PRINT OPAR IDENTIFIER CPAR DOTCOMMA RETURN IDENTIFIER DOTCOMMA CKEY MAIN OKEY DTBOOL IDENTIFIER ASSIGN IDENTIFIER DOTCOMMA DTBOOL IDENTIFIER ASSIGN IDENTIFIER DOTCOMMA CKEY $,Terminal
$ MAIN' FUNCTION' CKEY IFELSES LOOPS STATEMENTS OKEY CPAR MORE_PARAMETERS IDENTIFIER,IDENTIFIER CPAR OKEY DTINTEGER IDENTIFIER ASSIGN VINTEGER DOTCOMMA DTFLOAT IDENTIFIER ASSIGN VFLOAT DOTCOMMA DTBOOL IDENTIFIER ASSIGN IDENTIFIER DOTCOMMA PRINT OPAR IDENTIFIER CPAR DOTCOMMA RETURN IDENTIFIER DOTCOMMA CKEY DTINTEGER IDENTIFIER OPAR DTINTEGER IDENTIFIER CPAR OKEY DTINTEGER IDENTIFIER ASSIGN VINTEGER DOTCOMMA PRINT OPAR IDENTIFIER CPAR DOTCOMMA RETURN IDENTIFIER DOTCOMMA CKEY MAIN OKEY DTBOOL IDENTIFIER ASSIGN IDENTIFIER DOTCOMMA DTBOOL IDENTIFIER ASSIGN IDENTIFIER DOTCOMMA CKEY $,Terminal
$ MAIN' FUNCTION' CKEY IFELSES LOOPS STATEMENTS OKEY CPAR MORE_PARAMETERS,CPAR OKEY DTINTEGER IDENTIFIER ASSIGN VINTEGER DOTCOMMA DTFLOAT IDENTIFIER ASSIGN VFLOAT DOTCOMMA DTBOOL IDENTIFIER ASSIGN IDENTIFIER DOTCOMMA PRINT OPAR IDENTIFIER CPAR DOTCOMMA RETURN IDENTIFIER DOTCOMMA CKEY DTINTEGER IDENTIFIER OPAR DTINTEGER IDENTIFIER CPAR OKEY DTINTEGER IDENTIFIER ASSIGN VINTEGER DOTCOMMA PRINT OPAR IDENTIFIER CPAR DOTCOMMA RETURN IDENTIFIER DOTCOMMA CKEY MAIN OKEY DTBOOL IDENTIFIER ASSIGN IDENTIFIER DOTCOMMA DTBOOL IDENTIFIER ASSIGN IDENTIFIER DOTCOMMA CKEY $,MORE_PARAMETERS -> ε
$ MAIN' FUNCTION' CKEY IFELSES LOOPS STATEMENTS OKEY CPAR,CPAR OKEY DTINTEGER IDENTIFIER ASSIGN VINTEGER DOTCOMMA DTFLOAT IDENTIFIER ASSIGN VFLOAT DOTCOMMA DTBOOL IDENTIFIER ASSIGN IDENTIFIER DOTCOMMA PRINT OPAR IDENTIFIER CPAR DOTCOMMA RETURN IDENTIFIER DOTCOMMA CKEY DTINTEGER IDENTIFIER OPAR DTINTEGER IDENTIFIER CPAR OKEY DTINTEGER IDENTIFIER ASSIGN VINTEGER DOTCOMMA PRINT OPAR IDENTIFIER CPAR DOTCOMMA RETURN IDENTIFIER DOTCOMMA CKEY MAIN OKEY DTBOOL IDENTIFIER ASSIGN IDENTIFIER DOTCOMMA DTBOOL IDENTIFIER ASSIGN IDENTIFIER DOTCOMMA CKEY $,Terminal
$ MAIN' FUNCTION' CKEY IFELSES LOOPS STATEMENTS OKEY,OKEY DTINTEGER IDENTIFIER ASSIGN VINTEGER DOTCOMMA DTFLOAT IDENTIFIER ASSIGN VFLOAT DOTCOMMA DTBOOL IDENTIFIER ASSIGN IDENTIFIER DOTCOMMA PRINT OPAR IDENTIFIER CPAR DOTCOMMA RETURN IDENTIFIER DOTCOMMA CKEY DTINTEGER IDENTIFIER OPAR DTINTEGER IDENTIFIER CPAR OKEY DTINTEGER IDENTIFIER ASSIGN VINTEGER DOTCOMMA PRINT OPAR IDENTIFIER CPAR DOTCOMMA RETURN IDENTIFIER DOTCOMMA CKEY MAIN OKEY DTBOOL IDENTIFIER ASSIGN IDENTIFIER DOTCOMMA DTBOOL IDENTIFIER ASSIGN IDENTIFIER DOTCOMMA CKEY $,Terminal
$ MAIN' FUNCTION' CKEY IFELSES LOOPS STATEMENTS,DTINTEGER IDENTIFIER ASSIGN VINTEGER DOTCOMMA DTFLOAT IDENTIFIER ASSIGN VFLOAT DOTCOMMA DTBOOL IDENTIFIER ASSIGN IDENTIFIER DOTCOMMA PRINT OPAR IDENTIFIER CPAR DOTCOMMA RETURN IDENTIFIER DOTCOMMA CKEY DTINTEGER IDENTIFIER OPAR DTINTEGER IDENTIFIER CPAR OKEY DTINTEGER IDENTIFIER ASSIGN VINTEGER DOTCOMMA PRINT OPAR IDENTIFIER CPAR DOTCOMMA RETURN IDENTIFIER DOTCOMMA CKEY MAIN OKEY DTBOOL IDENTIFIER ASSIGN IDENTIFIER DOTCOMMA DTBOOL IDENTIFIER ASSIGN IDENTIFIER DOTCOMMA CKEY $,STATEMENTS -> ASSIGNMENT STATEMENTS
$ MAIN' FUNCTION' CKEY IFELSES LOOPS STATEMENTS ASSIGNMENT,DTINTEGER IDENTIFIER ASSIGN VINTEGER DOTCOMMA DTFLOAT IDENTIFIER ASSIGN VFLOAT DOTCOMMA DTBOOL IDENTIFIER ASSIGN IDENTIFIER DOTCOMMA PRINT OPAR IDENTIFIER CPAR DOTCOMMA RETURN IDENTIFIER DOTCOMMA CKEY DTINTEGER IDENTIFIER OPAR DTINTEGER IDENTIFIER CPAR OKEY DTINTEGER IDENTIFIER ASSIGN VINTEGER DOTCOMMA PRINT OPAR IDENTIFIER CPAR DOTCOMMA RETURN IDENTIFIER DOTCOMMA CKEY MAIN OKEY DTBOOL IDENTIFIER ASSIGN IDENTIFIER DOTCOMMA DTBOOL IDENTIFIER ASSIGN IDENTIFIER DOTCOMMA CKEY $,ASSIGNMENT -> DATATYPE IDENTIFIER ASSIGN EXPRESSION DOTCOMMA
$ MAIN' FUNCTION' CKEY IFELSES LOOPS STATEMENTS DOTCOMMA EXPRESSION ASSIGN IDENTIFIER DATATYPE,DTINTEGER IDENTIFIER ASSIGN VINTEGER DOTCOMMA DTFLOAT IDENTIFIER ASSIGN VFLOAT DOTCOMMA DTBOOL IDENTIFIER ASSIGN IDENTIFIER DOTCOMMA PRINT OPAR IDENTIFIER CPAR DOTCOMMA RETURN IDENTIFIER DOTCOMMA CKEY DTINTEGER IDENTIFIER OPAR DTINTEGER IDENTIFIER CPAR OKEY DTINTEGER IDENTIFIER ASSIGN VINTEGER DOTCOMMA PRINT OPAR IDENTIFIER CPAR DOTCOMMA RETURN IDENTIFIER DOTCOMMA CKEY MAIN OKEY DTBOOL IDENTIFIER ASSIGN IDENTIFIER DOTCOMMA DTBOOL IDENTIFIER ASSIGN IDENTIFIER DOTCOMMA CKEY $,DATATYPE -> DTINTEGER
$ MAIN' FUNCTION' CKEY IFELSES LOOPS STATEMENTS DOTCOMMA EXPRESSION ASSIGN IDENTIFIER DTINTEGER,DTINTEGER IDENTIFIER ASSIGN VINTEGER DOTCOMMA DTFLOAT IDENTIFIER ASSIGN VFLOAT DOTCOMMA DTBOOL IDENTIFIER ASSIGN IDENTIFIER DOTCOMMA PRINT OPAR IDENTIFIER CPAR DOTCOMMA RETURN IDENTIFIER DOTCOMMA CKEY DTINTEGER IDENTIFIER OPAR DTINTEGER IDENTIFIER CPAR OKEY DTINTEGER IDENTIFIER ASSIGN VINTEGER DOTCOMMA PRINT OPAR IDENTIFIER CPAR DOTCOMMA RETURN IDENTIFIER DOTCOMMA CKEY MAIN OKEY DTBOOL IDENTIFIER ASSIGN IDENTIFIER DOTCOMMA DTBOOL IDENTIFIER ASSIGN IDENTIFIER DOTCOMMA CKEY $,Terminal
$ MAIN' FUNCTION' CKEY IFELSES LOOPS STATEMENTS DOTCOMMA EXPRESSION ASSIGN IDENTIFIER,IDENTIFIER ASSIGN VINTEGER DOTCOMMA DTFLOAT IDENTIFIER ASSIGN VFLOAT DOTCOMMA DTBOOL IDENTIFIER ASSIGN IDENTIFIER DOTCOMMA PRINT OPAR IDENTIFIER CPAR DOTCOMMA RETURN IDENTIFIER DOTCOMMA CKEY DTINTEGER IDENTIFIER OPAR DTINTEGER IDENTIFIER CPAR OKEY DTINTEGER IDENTIFIER ASSIGN VINTEGER DOTCOMMA PRINT OPAR IDENTIFIER CPAR DOTCOMMA RETURN IDENTIFIER DOTCOMMA CKEY MAIN OKEY DTBOOL IDENTIFIER ASSIGN IDENTIFIER DOTCOMMA DTBOOL IDENTIFIER ASSIGN IDENTIFIER DOTCOMMA CKEY $,Terminal
$ MAIN' FUNCTION' CKEY IFELSES LOOPS STATEMENTS DOTCOMMA EXPRESSION ASSIGN,ASSIGN VINTEGER DOTCOMMA DTFLOAT IDENTIFIER ASSIGN VFLOAT DOTCOMMA DTBOOL IDENTIFIER ASSIGN IDENTIFIER DOTCOMMA PRINT OPAR IDENTIFIER CPAR DOTCOMMA RETURN IDENTIFIER DOTCOMMA CKEY DTINTEGER IDENTIFIER OPAR DTINTEGER IDENTIFIER CPAR OKEY DTINTEGER IDENTIFIER ASSIGN VINTEGER DOTCOMMA PRINT OPAR IDENTIFIER CPAR DOTCOMMA RETURN IDENTIFIER DOTCOMMA CKEY MAIN OKEY DTBOOL IDENTIFIER ASSIGN IDENTIFIER DOTCOMMA DTBOOL IDENTIFIER ASSIGN IDENTIFIER DOTCOMMA CKEY $,Terminal
$ MAIN' FUNCTION' CKEY IFELSES LOOPS STATEMENTS DOTCOMMA EXPRESSION,VINTEGER DOTCOMMA DTFLOAT IDENTIFIER ASSIGN VFLOAT DOTCOMMA DTBOOL IDENTIFIER ASSIGN IDENTIFIER DOTCOMMA PRINT OPAR IDENTIFIER CPAR DOTCOMMA RETURN IDENTIFIER DOTCOMMA CKEY DTINTEGER IDENTIFIER OPAR DTINTEGER IDENTIFIER CPAR OKEY DTINTEGER IDENTIFIER ASSIGN VINTEGER DOTCOMMA PRINT OPAR IDENTIFIER CPAR DOTCOMMA RETURN IDENTIFIER DOTCOMMA CKEY MAIN OKEY DTBOOL IDENTIFIER ASSIGN IDENTIFIER DOTCOMMA DTBOOL IDENTIFIER ASSIGN IDENTIFIER DOTCOMMA CKEY $,EXPRESSION -> TERM EXPRESSION'
$ MAIN' FUNCTION' CKEY IFELSES LOOPS STATEMENTS DOTCOMMA EXPRESSION' TERM,VINTEGER DOTCOMMA DTFLOAT IDENTIFIER ASSIGN VFLOAT DOTCOMMA DTBOOL IDENTIFIER ASSIGN IDENTIFIER DOTCOMMA PRINT OPAR IDENTIFIER CPAR DOTCOMMA RETURN IDENTIFIER DOTCOMMA CKEY DTINTEGER IDENTIFIER OPAR DTINTEGER IDENTIFIER CPAR OKEY DTINTEGER IDENTIFIER ASSIGN VINTEGER DOTCOMMA PRINT OPAR IDENTIFIER CPAR DOTCOMMA RETURN IDENTIFIER DOTCOMMA CKEY MAIN OKEY DTBOOL IDENTIFIER ASSIGN IDENTIFIER DOTCOMMA DTBOOL IDENTIFIER ASSIGN IDENTIFIER DOTCOMMA CKEY $,TERM -> FACTOR TERM'
$ MAIN' FUNCTION' CKEY IFELSES LOOPS STATEMENTS DOTCOMMA EXPRESSION' TERM' FACTOR,VINTEGER DOTCOMMA DTFLOAT IDENTIFIER ASSIGN VFLOAT DOTCOMMA DTBOOL IDENTIFIER ASSIGN IDENTIFIER DOTCOMMA PRINT OPAR IDENTIFIER CPAR DOTCOMMA RETURN IDENTIFIER DOTCOMMA CKEY DTINTEGER IDENTIFIER OPAR DTINTEGER IDENTIFIER CPAR OKEY DTINTEGER IDENTIFIER ASSIGN VINTEGER DOTCOMMA PRINT OPAR IDENTIFIER CPAR DOTCOMMA RETURN IDENTIFIER DOTCOMMA CKEY MAIN OKEY DTBOOL IDENTIFIER ASSIGN IDENTIFIER DOTCOMMA DTBOOL IDENTIFIER ASSIGN IDENTIFIER DOTCOMMA CKEY $,FACTOR -> DVORID
$ MAIN' FUNCTION' CKEY IFELSES LOOPS STATEMENTS DOTCOMMA EXPRESSION' TERM' DVORID,VINTEGER DOTCOMMA DTFLOAT IDENTIFIER ASSIGN VFLOAT DOTCOMMA DTBOOL IDENTIFIER ASSIGN IDENTIFIER DOTCOMMA PRINT OPAR IDENTIFIER CPAR DOTCOMMA RETURN IDENTIFIER DOTCOMMA CKEY DTINTEGER IDENTIFIER OPAR DTINTEGER IDENTIFIER CPAR OKEY DTINTEGER IDENTIFIER ASSIGN VINTEGER DOTCOMMA PRINT OPAR IDENTIFIER CPAR DOTCOMMA RETURN IDENTIFIER DOTCOMMA CKEY MAIN OKEY DTBOOL IDENTIFIER ASSIGN IDENTIFIER DOTCOMMA DTBOOL IDENTIFIER ASSIGN IDENTIFIER DOTCOMMA CKEY $,DVORID -> VINTEGER
$ MAIN' FUNCTION' CKEY IFELSES LOOPS STATEMENTS DOTCOMMA EXPRESSION' TERM' VINTEGER,VINTEGER DOTCOMMA DTFLOAT IDENTIFIER ASSIGN VFLOAT DOTCOMMA DTBOOL IDENTIFIER ASSIGN IDENTIFIER DOTCOMMA PRINT OPAR IDENTIFIER CPAR DOTCOMMA RETURN IDENTIFIER DOTCOMMA CKEY DTINTEGER IDENTIFIER OPAR DTINTEGER IDENTIFIER CPAR OKEY DTINTEGER IDENTIFIER ASSIGN VINTEGER DOTCOMMA PRINT OPAR IDENTIFIER CPAR DOTCOMMA RETURN IDENTIFIER DOTCOMMA CKEY MAIN OKEY DTBOOL IDENTIFIER ASSIGN IDENTIFIER DOTCOMMA DTBOOL IDENTIFIER ASSIGN IDENTIFIER DOTCOMMA CKEY $,Terminal
$ MAIN' FUNCTION' CKEY IFELSES LOOPS STATEMENTS DOTCOMMA EXPRESSION' TERM',DOTCOMMA DTFLOAT IDENTIFIER ASSIGN VFLOAT DOTCOMMA DTBOOL IDENTIFIER ASSIGN IDENTIFIER DOTCOMMA PRINT OPAR IDENTIFIER CPAR DOTCOMMA RETURN IDENTIFIER DOTCOMMA CKEY DTINTEGER IDENTIFIER OPAR DTINTEGER IDENTIFIER CPAR OKEY DTINTEGER IDENTIFIER ASSIGN VINTEGER DOTCOMMA PRINT OPAR IDENTIFIER CPAR DOTCOMMA RETURN IDENTIFIER DOTCOMMA CKEY MAIN OKEY DTBOOL IDENTIFIER ASSIGN IDENTIFIER DOTCOMMA DTBOOL IDENTIFIER ASSIGN IDENTIFIER DOTCOMMA CKEY $,TERM' -> ε
$ MAIN' FUNCTION' CKEY IFELSES LOOPS STATEMENTS DOTCOMMA EXPRESSION',DOTCOMMA DTFLOAT IDENTIFIER ASSIGN VFLOAT DOTCOMMA DTBOOL IDENTIFIER ASSIGN IDENTIFIER DOTCOMMA PRINT OPAR IDENTIFIER CPAR DOTCOMMA RETURN IDENTIFIER DOTCOMMA CKEY DTINTEGER IDENTIFIER OPAR DTINTEGER IDENTIFIER CPAR OKEY DTINTEGER IDENTIFIER ASSIGN VINTEGER DOTCOMMA PRINT OPAR IDENTIFIER CPAR DOTCOMMA RETURN IDENTIFIER DOTCOMMA CKEY MAIN OKEY DTBOOL IDENTIFIER ASSIGN IDENTIFIER DOTCOMMA DTBOOL IDENTIFIER ASSIGN IDENTIFIER DOTCOMMA CKEY $,EXPRESSION' -> ε
$ MAIN' FUNCTION' CKEY IFELSES LOOPS STATEMENTS DOTCOMMA,DOTCOMMA DTFLOAT IDENTIFIER ASSIGN VFLOAT DOTCOMMA DTBOOL IDENTIFIER ASSIGN IDENTIFIER DOTCOMMA PRINT OPAR IDENTIFIER CPAR DOTCOMMA RETURN IDENTIFIER DOTCOMMA CKEY DTINTEGER IDENTIFIER OPAR DTINTEGER IDENTIFIER CPAR OKEY DTINTEGER IDENTIFIER ASSIGN VINTEGER DOTCOMMA PRINT OPAR IDENTIFIER CPAR DOTCOMMA RETURN IDENTIFIER DOTCOMMA CKEY MAIN OKEY DTBOOL IDENTIFIER ASSIGN IDENTIFIER DOTCOMMA DTBOOL IDENTIFIER ASSIGN IDENTIFIER DOTCOMMA CKEY $,Terminal
$ MAIN' FUNCTION' CKEY IFELSES LOOPS STATEMENTS,DTFLOAT IDENTIFIER ASSIGN VFLOAT DOTCOMMA DTBOOL IDENTIFIER ASSIGN IDENTIFIER DOTCOMMA PRINT OPAR IDENTIFIER CPAR DOTCOMMA RETURN IDENTIFIER DOTCOMMA CKEY DTINTEGER IDENTIFIER OPAR DTINTEGER IDENTIFIER CPAR OKEY DTINTEGER IDENTIFIER ASSIGN VINTEGER DOTCOMMA PRINT OPAR IDENTIFIER CPAR DOTCOMMA RETURN IDENTIFIER DOTCOMMA CKEY MAIN OKEY DTBOOL IDENTIFIER ASSIGN IDENTIFIER DOTCOMMA DTBOOL IDENTIFIER ASSIGN IDENTIFIER DOTCOMMA CKEY $,STATEMENTS -> ASSIGNMENT STATEMENTS
$ MAIN' FUNCTION' CKEY IFELSES LOOPS STATEMENTS ASSIGNMENT,DTFLOAT IDENTIFIER ASSIGN VFLOAT DOTCOMMA DTBOOL IDENTIFIER ASSIGN IDENTIFIER DOTCOMMA PRINT OPAR IDENTIFIER CPAR DOTCOMMA RETURN IDENTIFIER DOTCOMMA CKEY DTINTEGER IDENTIFIER OPAR DTINTEGER IDENTIFIER CPAR OKEY DTINTEGER IDENTIFIER ASSIGN VINTEGER DOTCOMMA PRINT OPAR IDENTIFIER CPAR DOTCOMMA RETURN IDENTIFIER DOTCOMMA CKEY MAIN OKEY DTBOOL IDENTIFIER ASSIGN IDENTIFIER DOTCOMMA DTBOOL IDENTIFIER ASSIGN IDENTIFIER DOTCOMMA CKEY $,ASSIGNMENT -> DATATYPE IDENTIFIER ASSIGN EXPRESSION DOTCOMMA
$ MAIN' FUNCTION' CKEY IFELSES LOOPS STATEMENTS DOTCOMMA EXPRESSION ASSIGN IDENTIFIER DATATYPE,DTFLOAT IDENTIFIER ASSIGN VFLOAT DOTCOMMA DTBOOL IDENTIFIER ASSIGN IDENTIFIER DOTCOMMA PRINT OPAR IDENTIFIER CPAR DOTCOMMA RETURN IDENTIFIER DOTCOMMA CKEY DTINTEGER IDENTIFIER OPAR DTINTEGER IDENTIFIER CPAR OKEY DTINTEGER IDENTIFIER ASSIGN VINTEGER DOTCOMMA PRINT OPAR IDENTIFIER CPAR DOTCOMMA RETURN IDENTIFIER DOTCOMMA CKEY MAIN OKEY DTBOOL IDENTIFIER ASSIGN IDENTIFIER DOTCOMMA DTBOOL IDENTIFIER ASSIGN IDENTIFIER DOTCOMMA CKEY $,DATATYPE -> DTFLOAT
$ MAIN' FUNCTION' CKEY IFELSES LOOPS STATEMENTS DOTCOMMA EXPRESSION ASSIGN IDENTIFIER DTFLOAT,DTFLOAT IDENTIFIER ASSIGN VFLOAT DOTCOMMA DTBOOL IDENTIFIER ASSIGN IDENTIFIER DOTCOMMA PRINT OPAR IDENTIFIER CPAR DOTCOMMA RETURN IDENTIFIER DOTCOMMA CKEY DTINTEGER IDENTIFIER OPAR DTINTEGER IDENTIFIER CPAR OKEY DTINTEGER IDENTIFIER ASSIGN VINTEGER DOTCOMMA PRINT OPAR IDENTIFIER CPAR DOTCOMMA RETURN IDENTIFIER DOTCOMMA CKEY MAIN OKEY DTBOOL IDENTIFIER ASSIGN IDENTIFIER DOTCOMMA DTBOOL IDENTIFIER ASSIGN IDENTIFIER DOTCOMMA CKEY $,Terminal
$ MAIN' FUNCTION' CKEY IFELSES LOOPS STATEMENTS DOTCOMMA EXPRESSION ASSIGN IDENTIFIER,IDENTIFIER ASSIGN VFLOAT DOTCOMMA DTBOOL IDENTIFIER ASSIGN IDENTIFIER DOTCOMMA PRINT OPAR IDENTIFIER CPAR DOTCOMMA RETURN IDENTIFIER DOTCOMMA CKEY DTINTEGER IDENTIFIER OPAR DTINTEGER IDENTIFIER CPAR OKEY DTINTEGER IDENTIFIER ASSIGN VINTEGER DOTCOMMA PRINT OPAR IDENTIFIER CPAR DOTCOMMA RETURN IDENTIFIER DOTCOMMA CKEY MAIN OKEY DTBOOL IDENTIFIER ASSIGN IDENTIFIER DOTCOMMA DTBOOL IDENTIFIER ASSIGN IDENTIFIER DOTCOMMA CKEY $,Terminal
$ MAIN' FUNCTION' CKEY IFELSES LOOPS STATEMENTS DOTCOMMA EXPRESSION ASSIGN,ASSIGN VFLOAT DOTCOMMA DTBOOL IDENTIFIER ASSIGN IDENTIFIER DOTCOMMA PRINT OPAR IDENTIFIER CPAR DOTCOMMA RETURN IDENTIFIER DOTCOMMA CKEY DTINTEGER IDENTIFIER OPAR DTINTEGER IDENTIFIER CPAR OKEY DTINTEGER IDENTIFIER ASSIGN VINTEGER DOTCOMMA PRINT OPAR IDENTIFIER CPAR DOTCOMMA RETURN IDENTIFIER DOTCOMMA CKEY MAIN OKEY DTBOOL IDENTIFIER ASSIGN IDENTIFIER DOTCOMMA DTBOOL IDENTIFIER ASSIGN IDENTIFIER DOTCOMMA CKEY $,Terminal
$ MAIN' FUNCTION' CKEY IFELSES LOOPS STATEMENTS DOTCOMMA EXPRESSION,VFLOAT DOTCOMMA DTBOOL IDENTIFIER ASSIGN IDENTIFIER DOTCOMMA PRINT OPAR IDENTIFIER CPAR DOTCOMMA RETURN IDENTIFIER DOTCOMMA CKEY DTINTEGER IDENTIFIER OPAR DTINTEGER IDENTIFIER CPAR OKEY DTINTEGER IDENTIFIER ASSIGN VINTEGER DOTCOMMA PRINT OPAR IDENTIFIER CPAR DOTCOMMA RETURN IDENTIFIER DOTCOMMA CKEY MAIN OKEY DTBOOL IDENTIFIER ASSIGN IDENTIFIER DOTCOMMA DTBOOL IDENTIFIER ASSIGN IDENTIFIER DOTCOMMA CKEY $,EXPRESSION -> TERM EXPRESSION'
$ MAIN' FUNCTION' CKEY IFELSES LOOPS STATEMENTS DOTCOMMA EXPRESSION' TERM,VFLOAT DOTCOMMA DTBOOL IDENTIFIER ASSIGN IDENTIFIER DOTCOMMA PRINT OPAR IDENTIFIER CPAR DOTCOMMA RETURN IDENTIFIER DOTCOMMA CKEY DTINTEGER IDENTIFIER OPAR DTINTEGER IDENTIFIER CPAR OKEY DTINTEGER IDENTIFIER ASSIGN VINTEGER DOTCOMMA PRINT OPAR IDENTIFIER CPAR DOTCOMMA RETURN IDENTIFIER DOTCOMMA CKEY MAIN OKEY DTBOOL IDENTIFIER ASSIGN IDENTIFIER DOTCOMMA DTBOOL IDENTIFIER ASSIGN IDENTIFIER DOTCOMMA CKEY $,TERM -> FACTOR TERM'
$ MAIN' FUNCTION' CKEY IFELSES LOOPS STATEMENTS DOTCOMMA EXPRESSION' TERM' FACTOR,VFLOAT DOTCOMMA DTBOOL IDENTIFIER ASSIGN IDENTIFIER DOTCOMMA PRINT OPAR IDENTIFIER CPAR DOTCOMMA RETURN IDENTIFIER DOTCOMMA CKEY DTINTEGER IDENTIFIER OPAR DTINTEGER IDENTIFIER CPAR OKEY DTINTEGER IDENTIFIER ASSIGN VINTEGER DOTCOMMA PRINT OPAR IDENTIFIER CPAR DOTCOMMA RETURN IDENTIFIER DOTCOMMA CKEY MAIN OKEY DTBOOL IDENTIFIER ASSIGN IDENTIFIER DOTCOMMA DTBOOL IDENTIFIER ASSIGN IDENTIFIER DOTCOMMA CKEY $,FACTOR -> DVORID
$ MAIN' FUNCTION' CKEY IFELSES LOOPS STATEMENTS DOTCOMMA EXPRESSION' TERM' DVORID,VFLOAT DOTCOMMA DTBOOL IDENTIFIER ASSIGN IDENTIFIER DOTCOMMA PRINT OPAR IDENTIFIER CPAR DOTCOMMA RETURN IDENTIFIER DOTCOMMA CKEY DTINTEGER IDENTIFIER OPAR DTINTEGER IDENTIFIER CPAR OKEY DTINTEGER IDENTIFIER ASSIGN VINTEGER DOTCOMMA PRINT OPAR IDENTIFIER CPAR DOTCOMMA RETURN IDENTIFIER DOTCOMMA CKEY MAIN OKEY DTBOOL IDENTIFIER ASSIGN IDENTIFIER DOTCOMMA DTBOOL IDENTIFIER ASSIGN IDENTIFIER DOTCOMMA CKEY $,DVORID -> VFLOAT
$ MAIN' FUNCTION' CKEY IFELSES LOOPS STATEMENTS DOTCOMMA EXPRESSION' TERM' VFLOAT,VFLOAT DOTCOMMA DTBOOL IDENTIFIER ASSIGN IDENTIFIER DOTCOMMA PRINT OPAR IDENTIFIER CPAR DOTCOMMA RETURN IDENTIFIER DOTCOMMA CKEY DTINTEGER IDENTIFIER OPAR DTINTEGER IDENTIFIER CPAR OKEY DTINTEGER IDENTIFIER ASSIGN VINTEGER DOTCOMMA PRINT OPAR IDENTIFIER CPAR DOTCOMMA RETURN IDENTIFIER DOTCOMMA CKEY MAIN OKEY DTBOOL IDENTIFIER ASSIGN IDENTIFIER DOTCOMMA DTBOOL IDENTIFIER ASSIGN IDENTIFIER DOTCOMMA CKEY $,Terminal
$ MAIN' FUNCTION' CKEY IFELSES LOOPS STATEMENTS DOTCOMMA EXPRESSION' TERM',DOTCOMMA DTBOOL IDENTIFIER ASSIGN IDENTIFIER DOTCOMMA PRINT OPAR IDENTIFIER CPAR DOTCOMMA RETURN IDENTIFIER DOTCOMMA CKEY DTINTEGER IDENTIFIER OPAR DTINTEGER IDENTIFIER CPAR OKEY DTINTEGER IDENTIFIER ASSIGN VINTEGER DOTCOMMA PRINT OPAR IDENTIFIER CPAR DOTCOMMA RETURN IDENTIFIER DOTCOMMA CKEY MAIN OKEY DTBOOL IDENTIFIER ASSIGN IDENTIFIER DOTCOMMA DTBOOL IDENTIFIER ASSIGN IDENTIFIER DOTCOMMA CKEY $,TERM' -> ε
$ MAIN' FUNCTION' CKEY IFELSES LOOPS STATEMENTS DOTCOMMA EXPRESSION',DOTCOMMA DTBOOL IDENTIFIER ASSIGN IDENTIFIER DOTCOMMA PRINT OPAR IDENTIFIER CPAR DOTCOMMA RETURN IDENTIFIER DOTCOMMA CKEY DTINTEGER IDENTIFIER OPAR DTINTEGER IDENTIFIER CPAR OKEY DTINTEGER IDENTIFIER ASSIGN VINTEGER DOTCOMMA PRINT OPAR IDENTIFIER CPAR DOTCOMMA RETURN IDENTIFIER DOTCOMMA CKEY MAIN OKEY DTBOOL IDENTIFIER ASSIGN IDENTIFIER DOTCOMMA DTBOOL IDENTIFIER ASSIGN IDENTIFIER DOTCOMMA CKEY $,EXPRESSION' -> ε
$ MAIN' FUNCTION' CKEY IFELSES LOOPS STATEMENTS DOTCOMMA,DOTCOMMA DTBOOL IDENTIFIER ASSIGN IDENTIFIER DOTCOMMA PRINT OPAR IDENTIFIER CPAR DOTCOMMA RETURN IDENTIFIER DOTCOMMA CKEY DTINTEGER IDENTIFIER OPAR DTINTEGER IDENTIFIER CPAR OKEY DTINTEGER IDENTIFIER ASSIGN VINTEGER DOTCOMMA PRINT OPAR IDENTIFIER CPAR DOTCOMMA RETURN IDENTIFIER DOTCOMMA CKEY MAIN OKEY DTBOOL IDENTIFIER ASSIGN IDENTIFIER DOTCOMMA DTBOOL IDENTIFIER ASSIGN IDENTIFIER DOTCOMMA CKEY $,Terminal
$ MAIN' FUNCTION' CKEY IFELSES LOOPS STATEMENTS,DTBOOL IDENTIFIER ASSIGN IDENTIFIER DOTCOMMA PRINT OPAR IDENTIFIER CPAR DOTCOMMA RETURN IDENTIFIER DOTCOMMA CKEY DTINTEGER IDENTIFIER OPAR DTINTEGER IDENTIFIER CPAR OKEY DTINTEGER IDENTIFIER ASSIGN VINTEGER DOTCOMMA PRINT OPAR IDENTIFIER CPAR DOTCOMMA RETURN IDENTIFIER DOTCOMMA CKEY MAIN OKEY DTBOOL IDENTIFIER ASSIGN IDENTIFIER DOTCOMMA DTBOOL IDENTIFIER ASSIGN IDENTIFIER DOTCOMMA CKEY $,STATEMENTS -> ASSIGNMENT STATEMENTS
$ MAIN' FUNCTION' CKEY IFELSES LOOPS STATEMENTS ASSIGNMENT,DTBOOL IDENTIFIER ASSIGN IDENTIFIER DOTCOMMA PRINT OPAR IDENTIFIER CPAR DOTCOMMA RETURN IDENTIFIER DOTCOMMA CKEY DTINTEGER IDENTIFIER OPAR DTINTEGER IDENTIFIER CPAR OKEY DTINTEGER IDENTIFIER ASSIGN VINTEGER DOTCOMMA PRINT OPAR IDENTIFIER CPAR DOTCOMMA RETURN IDENTIFIER DOTCOMMA CKEY MAIN OKEY DTBOOL IDENTIFIER ASSIGN IDENTIFIER DOTCOMMA DTBOOL IDENTIFIER ASSIGN IDENTIFIER DOTCOMMA CKEY $,ASSIGNMENT -> DATATYPE IDENTIFIER ASSIGN EXPRESSION DOTCOMMA
$ MAIN' FUNCTION' CKEY IFELSES LOOPS STATEMENTS DOTCOMMA EXPRESSION ASSIGN IDENTIFIER DATATYPE,DTBOOL IDENTIFIER ASSIGN IDENTIFIER DOTCOMMA PRINT OPAR IDENTIFIER CPAR DOTCOMMA RETURN IDENTIFIER DOTCOMMA CKEY DTINTEGER IDENTIFIER OPAR DTINTEGER IDENTIFIER CPAR OKEY DTINTEGER IDENTIFIER ASSIGN VINTEGER DOTCOMMA PRINT OPAR IDENTIFIER CPAR DOTCOMMA RETURN IDENTIFIER DOTCOMMA CKEY MAIN OKEY DTBOOL IDENTIFIER ASSIGN IDENTIFIER DOTCOMMA DTBOOL IDENTIFIER ASSIGN IDENTIFIER DOTCOMMA CKEY $,DATATYPE -> DTBOOL
$ MAIN' FUNCTION' CKEY IFELSES LOOPS STATEMENTS DOTCOMMA EXPRESSION ASSIGN IDENTIFIER DTBOOL,DTBOOL IDENTIFIER ASSIGN IDENTIFIER DOTCOMMA PRINT OPAR IDENTIFIER CPAR DOTCOMMA RETURN IDENTIFIER DOTCOMMA CKEY DTINTEGER IDENTIFIER OPAR DTINTEGER IDENTIFIER CPAR OKEY DTINTEGER IDENTIFIER ASSIGN VINTEGER DOTCOMMA PRINT OPAR IDENTIFIER CPAR DOTCOMMA RETURN IDENTIFIER DOTCOMMA CKEY MAIN OKEY DTBOOL IDENTIFIER ASSIGN IDENTIFIER DOTCOMMA DTBOOL IDENTIFIER ASSIGN IDENTIFIER DOTCOMMA CKEY $,Terminal
$ MAIN' FUNCTION' CKEY IFELSES LOOPS STATEMENTS DOTCOMMA EXPRESSION ASSIGN IDENTIFIER,IDENTIFIER ASSIGN IDENTIFIER DOTCOMMA PRINT OPAR IDENTIFIER CPAR DOTCOMMA RETURN IDENTIFIER DOTCOMMA CKEY DTINTEGER IDENTIFIER OPAR DTINTEGER IDENTIFIER CPAR OKEY DTINTEGER IDENTIFIER ASSIGN VINTEGER DOTCOMMA PRINT OPAR IDENTIFIER CPAR DOTCOMMA RETURN IDENTIFIER DOTCOMMA CKEY MAIN OKEY DTBOOL IDENTIFIER ASSIGN IDENTIFIER DOTCOMMA DTBOOL IDENTIFIER ASSIGN IDENTIFIER DOTCOMMA CKEY $,Terminal
$ MAIN' FUNCTION' CKEY IFELSES LOOPS STATEMENTS DOTCOMMA EXPRESSION ASSIGN,ASSIGN IDENTIFIER DOTCOMMA PRINT OPAR IDENTIFIER CPAR DOTCOMMA RETURN IDENTIFIER DOTCOMMA CKEY DTINTEGER IDENTIFIER OPAR DTINTEGER IDENTIFIER CPAR OKEY DTINTEGER IDENTIFIER ASSIGN VINTEGER DOTCOMMA PRINT OPAR IDENTIFIER CPAR DOTCOMMA RETURN IDENTIFIER DOTCOMMA CKEY MAIN OKEY DTBOOL IDENTIFIER ASSIGN IDENTIFIER DOTCOMMA DTBOOL IDENTIFIER ASSIGN IDENTIFIER DOTCOMMA CKEY $,Terminal
$ MAIN' FUNCTION' CKEY IFELSES LOOPS STATEMENTS DOTCOMMA EXPRESSION,IDENTIFIER DOTCOMMA PRINT OPAR IDENTIFIER CPAR DOTCOMMA RETURN IDENTIFIER DOTCOMMA CKEY DTINTEGER IDENTIFIER OPAR DTINTEGER IDENTIFIER CPAR OKEY DTINTEGER IDENTIFIER ASSIGN VINTEGER DOTCOMMA PRINT OPAR IDENTIFIER CPAR DOTCOMMA RETURN IDENTIFIER DOTCOMMA CKEY MAIN OKEY DTBOOL IDENTIFIER ASSIGN IDENTIFIER DOTCOMMA DTBOOL IDENTIFIER ASSIGN IDENTIFIER DOTCOMMA CKEY $,EXPRESSION -> TERM EXPRESSION'
$ MAIN' FUNCTION' CKEY IFELSES LOOPS STATEMENTS DOTCOMMA EXPRESSION' TERM,IDENTIFIER DOTCOMMA PRINT OPAR IDENTIFIER CPAR DOTCOMMA RETURN IDENTIFIER DOTCOMMA CKEY DTINTEGER IDENTIFIER OPAR DTINTEGER IDENTIFIER CPAR OKEY DTINTEGER IDENTIFIER ASSIGN VINTEGER DOTCOMMA PRINT OPAR IDENTIFIER CPAR DOTCOMMA RETURN IDENTIFIER DOTCOMMA CKEY MAIN OKEY DTBOOL IDENTIFIER ASSIGN IDENTIFIER DOTCOMMA DTBOOL IDENTIFIER ASSIGN IDENTIFIER DOTCOMMA CKEY $,TERM -> FACTOR TERM'
$ MAIN' FUNCTION' CKEY IFELSES LOOPS STATEMENTS DOTCOMMA EXPRESSION' TERM' FACTOR,IDENTIFIER DOTCOMMA PRINT OPAR IDENTIFIER CPAR DOTCOMMA RETURN IDENTIFIER DOTCOMMA CKEY DTINTEGER IDENTIFIER OPAR DTINTEGER IDENTIFIER CPAR OKEY DTINTEGER IDENTIFIER ASSIGN VINTEGER DOTCOMMA PRINT OPAR IDENTIFIER CPAR DOTCOMMA RETURN IDENTIFIER DOTCOMMA CKEY MAIN OKEY DTBOOL IDENTIFIER ASSIGN IDENTIFIER DOTCOMMA DTBOOL IDENTIFIER ASSIGN IDENTIFIER DOTCOMMA CKEY $,FACTOR -> DVORID
$ MAIN' FUNCTION' CKEY IFELSES LOOPS STATEMENTS DOTCOMMA EXPRESSION' TERM' DVORID,IDENTIFIER DOTCOMMA PRINT OPAR IDENTIFIER CPAR DOTCOMMA RETURN IDENTIFIER DOTCOMMA CKEY DTINTEGER IDENTIFIER OPAR DTINTEGER IDENTIFIER CPAR OKEY DTINTEGER IDENTIFIER ASSIGN VINTEGER DOTCOMMA PRINT OPAR IDENTIFIER CPAR DOTCOMMA RETURN IDENTIFIER DOTCOMMA CKEY MAIN OKEY DTBOOL IDENTIFIER ASSIGN IDENTIFIER DOTCOMMA DTBOOL IDENTIFIER ASSIGN IDENTIFIER DOTCOMMA CKEY $,DVORID -> IDENTIFIER
$ MAIN' FUNCTION' CKEY IFELSES LOOPS STATEMENTS DOTCOMMA EXPRESSION' TERM' IDENTIFIER,IDENTIFIER DOTCOMMA PRINT OPAR IDENTIFIER CPAR DOTCOMMA RETURN IDENTIFIER DOTCOMMA CKEY DTINTEGER IDENTIFIER OPAR DTINTEGER IDENTIFIER CPAR OKEY DTINTEGER IDENTIFIER ASSIGN VINTEGER DOTCOMMA PRINT OPAR IDENTIFIER CPAR DOTCOMMA RETURN IDENTIFIER DOTCOMMA CKEY MAIN OKEY DTBOOL IDENTIFIER ASSIGN IDENTIFIER DOTCOMMA DTBOOL IDENTIFIER ASSIGN IDENTIFIER DOTCOMMA CKEY $,Terminal
$ MAIN' FUNCTION' CKEY IFELSES LOOPS STATEMENTS DOTCOMMA EXPRESSION' TERM',DOTCOMMA PRINT OPAR IDENTIFIER CPAR DOTCOMMA RETURN IDENTIFIER DOTCOMMA CKEY DTINTEGER IDENTIFIER OPAR DTINTEGER IDENTIFIER CPAR OKEY DTINTEGER IDENTIFIER ASSIGN VINTEGER DOTCOMMA PRINT OPAR IDENTIFIER CPAR DOTCOMMA RETURN IDENTIFIER DOTCOMMA CKEY MAIN OKEY DTBOOL IDENTIFIER ASSIGN IDENTIFIER DOTCOMMA DTBOOL IDENTIFIER ASSIGN IDENTIFIER DOTCOMMA CKEY $,TERM' -> ε
$ MAIN' FUNCTION' CKEY IFELSES LOOPS STATEMENTS DOTCOMMA EXPRESSION',DOTCOMMA PRINT OPAR IDENTIFIER CPAR DOTCOMMA RETURN IDENTIFIER DOTCOMMA CKEY DTINTEGER IDENTIFIER OPAR DTINTEGER IDENTIFIER CPAR OKEY DTINTEGER IDENTIFIER ASSIGN VINTEGER DOTCOMMA PRINT OPAR IDENTIFIER CPAR DOTCOMMA RETURN IDENTIFIER DOTCOMMA CKEY MAIN OKEY DTBOOL IDENTIFIER ASSIGN IDENTIFIER DOTCOMMA DTBOOL IDENTIFIER ASSIGN IDENTIFIER DOTCOMMA CKEY $,EXPRESSION' -> ε
$ MAIN' FUNCTION' CKEY IFELSES LOOPS STATEMENTS DOTCOMMA,DOTCOMMA PRINT OPAR IDENTIFIER CPAR DOTCOMMA RETURN IDENTIFIER DOTCOMMA CKEY DTINTEGER IDENTIFIER OPAR DTINTEGER IDENTIFIER CPAR OKEY DTINTEGER IDENTIFIER ASSIGN VINTEGER DOTCOMMA PRINT OPAR IDENTIFIER CPAR DOTCOMMA RETURN IDENTIFIER DOTCOMMA CKEY MAIN OKEY DTBOOL IDENTIFIER ASSIGN IDENTIFIER DOTCOMMA DTBOOL IDENTIFIER ASSIGN IDENTIFIER DOTCOMMA CKEY $,Terminal
$ MAIN' FUNCTION' CKEY IFELSES LOOPS STATEMENTS,PRINT OPAR IDENTIFIER CPAR DOTCOMMA RETURN IDENTIFIER DOTCOMMA CKEY DTINTEGER IDENTIFIER OPAR DTINTEGER IDENTIFIER CPAR OKEY DTINTEGER IDENTIFIER ASSIGN VINTEGER DOTCOMMA PRINT OPAR IDENTIFIER CPAR DOTCOMMA RETURN IDENTIFIER DOTCOMMA CKEY MAIN OKEY DTBOOL IDENTIFIER ASSIGN IDENTIFIER DOTCOMMA DTBOOL IDENTIFIER ASSIGN IDENTIFIER DOTCOMMA CKEY $,STATEMENTS -> PRINT OPAR EXPRESSION CPAR DOTCOMMA STATEMENTS
$ MAIN' FUNCTION' CKEY IFELSES LOOPS STATEMENTS DOTCOMMA CPAR EXPRESSION OPAR PRINT,PRINT OPAR IDENTIFIER CPAR DOTCOMMA RETURN IDENTIFIER DOTCOMMA CKEY DTINTEGER IDENTIFIER OPAR DTINTEGER IDENTIFIER CPAR OKEY DTINTEGER IDENTIFIER ASSIGN VINTEGER DOTCOMMA PRINT OPAR IDENTIFIER CPAR DOTCOMMA RETURN IDENTIFIER DOTCOMMA CKEY MAIN OKEY DTBOOL IDENTIFIER ASSIGN IDENTIFIER DOTCOMMA DTBOOL IDENTIFIER ASSIGN IDENTIFIER DOTCOMMA CKEY $,Terminal
$ MAIN' FUNCTION' CKEY IFELSES LOOPS STATEMENTS DOTCOMMA CPAR EXPRESSION OPAR,OPAR IDENTIFIER CPAR DOTCOMMA RETURN IDENTIFIER DOTCOMMA CKEY DTINTEGER IDENTIFIER OPAR DTINTEGER IDENTIFIER CPAR OKEY DTINTEGER IDENTIFIER ASSIGN VINTEGER DOTCOMMA PRINT OPAR IDENTIFIER CPAR DOTCOMMA RETURN IDENTIFIER DOTCOMMA CKEY MAIN OKEY DTBOOL IDENTIFIER ASSIGN IDENTIFIER DOTCOMMA DTBOOL IDENTIFIER ASSIGN IDENTIFIER DOTCOMMA CKEY $,Terminal
$ MAIN' FUNCTION' CKEY IFELSES LOOPS STATEMENTS DOTCOMMA CPAR EXPRESSION,IDENTIFIER CPAR DOTCOMMA RETURN IDENTIFIER DOTCOMMA CKEY DTINTEGER IDENTIFIER OPAR DTINTEGER IDENTIFIER CPAR OKEY DTINTEGER IDENTIFIER ASSIGN VINTEGER DOTCOMMA PRINT OPAR IDENTIFIER CPAR DOTCOMMA RETURN IDENTIFIER DOTCOMMA CKEY MAIN OKEY DTBOOL IDENTIFIER ASSIGN IDENTIFIER DOTCOMMA DTBOOL IDENTIFIER ASSIGN IDENTIFIER DOTCOMMA CKEY $,EXPRESSION -> TERM EXPRESSION'
$ MAIN' FUNCTION' CKEY IFELSES LOOPS STATEMENTS DOTCOMMA CPAR EXPRESSION' TERM,IDENTIFIER CPAR DOTCOMMA RETURN IDENTIFIER DOTCOMMA CKEY DTINTEGER IDENTIFIER OPAR DTINTEGER IDENTIFIER CPAR OKEY DTINTEGER IDENTIFIER ASSIGN VINTEGER DOTCOMMA PRINT OPAR IDENTIFIER CPAR DOTCOMMA RETURN IDENTIFIER DOTCOMMA CKEY MAIN OKEY DTBOOL IDENTIFIER ASSIGN IDENTIFIER DOTCOMMA DTBOOL IDENTIFIER ASSIGN IDENTIFIER DOTCOMMA CKEY $,TERM -> FACTOR TERM'
$ MAIN' FUNCTION' CKEY IFELSES LOOPS STATEMENTS DOTCOMMA CPAR EXPRESSION' TERM' FACTOR,IDENTIFIER CPAR DOTCOMMA RETURN IDENTIFIER DOTCOMMA CKEY DTINTEGER IDENTIFIER OPAR DTINTEGER IDENTIFIER CPAR OKEY DTINTEGER IDENTIFIER ASSIGN VINTEGER DOTCOMMA PRINT OPAR IDENTIFIER CPAR DOTCOMMA RETURN IDENTIFIER DOTCOMMA CKEY MAIN OKEY DTBOOL IDENTIFIER ASSIGN IDENTIFIER DOTCOMMA DTBOOL IDENTIFIER ASSIGN IDENTIFIER DOTCOMMA CKEY $,FACTOR -> DVORID
$ MAIN' FUNCTION' CKEY IFELSES LOOPS STATEMENTS DOTCOMMA CPAR EXPRESSION' TERM' DVORID,IDENTIFIER CPAR DOTCOMMA RETURN IDENTIFIER DOTCOMMA CKEY DTINTEGER IDENTIFIER OPAR DTINTEGER IDENTIFIER CPAR OKEY DTINTEGER IDENTIFIER ASSIGN VINTEGER DOTCOMMA PRINT OPAR IDENTIFIER CPAR DOTCOMMA RETURN IDENTIFIER DOTCOMMA CKEY MAIN OKEY DTBOOL IDENTIFIER ASSIGN IDENTIFIER DOTCOMMA DTBOOL IDENTIFIER ASSIGN IDENTIFIER DOTCOMMA CKEY $,DVORID -> IDENTIFIER
$ MAIN' FUNCTION' CKEY IFELSES LOOPS STATEMENTS DOTCOMMA CPAR EXPRESSION' TERM' IDENTIFIER,IDENTIFIER CPAR DOTCOMMA RETURN IDENTIFIER DOTCOMMA CKEY DTINTEGER IDENTIFIER OPAR DTINTEGER IDENTIFIER CPAR OKEY DTINTEGER IDENTIFIER ASSIGN VINTEGER DOTCOMMA PRINT OPAR IDENTIFIER CPAR DOTCOMMA RETURN IDENTIFIER DOTCOMMA CKEY MAIN OKEY DTBOOL IDENTIFIER ASSIGN IDENTIFIER DOTCOMMA DTBOOL IDENTIFIER ASSIGN IDENTIFIER DOTCOMMA CKEY $,Terminal
$ MAIN' FUNCTION' CKEY IFELSES LOOPS STATEMENTS DOTCOMMA CPAR EXPRESSION' TERM',CPAR DOTCOMMA RETURN IDENTIFIER DOTCOMMA CKEY DTINTEGER IDENTIFIER OPAR DTINTEGER IDENTIFIER CPAR OKEY DTINTEGER IDENTIFIER ASSIGN VINTEGER DOTCOMMA PRINT OPAR IDENTIFIER CPAR DOTCOMMA RETURN IDENTIFIER DOTCOMMA CKEY MAIN OKEY DTBOOL IDENTIFIER ASSIGN IDENTIFIER DOTCOMMA DTBOOL IDENTIFIER ASSIGN IDENTIFIER DOTCOMMA CKEY $,TERM' -> ε
$ MAIN' FUNCTION' CKEY IFELSES LOOPS STATEMENTS DOTCOMMA CPAR EXPRESSION',CPAR DOTCOMMA RETURN IDENTIFIER DOTCOMMA CKEY DTINTEGER IDENTIFIER OPAR DTINTEGER IDENTIFIER CPAR OKEY DTINTEGER IDENTIFIER ASSIGN VINTEGER DOTCOMMA PRINT OPAR IDENTIFIER CPAR DOTCOMMA RETURN IDENTIFIER DOTCOMMA CKEY MAIN OKEY DTBOOL IDENTIFIER ASSIGN IDENTIFIER DOTCOMMA DTBOOL IDENTIFIER ASSIGN IDENTIFIER DOTCOMMA CKEY $,EXPRESSION' -> ε
$ MAIN' FUNCTION' CKEY IFELSES LOOPS STATEMENTS DOTCOMMA CPAR,CPAR DOTCOMMA RETURN IDENTIFIER DOTCOMMA CKEY DTINTEGER IDENTIFIER OPAR DTINTEGER IDENTIFIER CPAR OKEY DTINTEGER IDENTIFIER ASSIGN VINTEGER DOTCOMMA PRINT OPAR IDENTIFIER CPAR DOTCOMMA RETURN IDENTIFIER DOTCOMMA CKEY MAIN OKEY DTBOOL IDENTIFIER ASSIGN IDENTIFIER DOTCOMMA DTBOOL IDENTIFIER ASSIGN IDENTIFIER DOTCOMMA CKEY $,Terminal
$ MAIN' FUNCTION' CKEY IFELSES LOOPS STATEMENTS DOTCOMMA,DOTCOMMA RETURN IDENTIFIER DOTCOMMA CKEY DTINTEGER IDENTIFIER OPAR DTINTEGER IDENTIFIER CPAR OKEY DTINTEGER IDENTIFIER ASSIGN VINTEGER DOTCOMMA PRINT OPAR IDENTIFIER CPAR DOTCOMMA RETURN IDENTIFIER DOTCOMMA CKEY MAIN OKEY DTBOOL IDENTIFIER ASSIGN IDENTIFIER DOTCOMMA DTBOOL IDENTIFIER ASSIGN IDENTIFIER DOTCOMMA CKEY $,Terminal
$ MAIN' FUNCTION' CKEY IFELSES LOOPS STATEMENTS,RETURN IDENTIFIER DOTCOMMA CKEY DTINTEGER IDENTIFIER OPAR DTINTEGER IDENTIFIER CPAR OKEY DTINTEGER IDENTIFIER ASSIGN VINTEGER DOTCOMMA PRINT OPAR IDENTIFIER CPAR DOTCOMMA RETURN IDENTIFIER DOTCOMMA CKEY MAIN OKEY DTBOOL IDENTIFIER ASSIGN IDENTIFIER DOTCOMMA DTBOOL IDENTIFIER ASSIGN IDENTIFIER DOTCOMMA CKEY $,STATEMENTS -> RETURN EXPRESSION DOTCOMMA STATEMENTS
$ MAIN' FUNCTION' CKEY IFELSES LOOPS STATEMENTS DOTCOMMA EXPRESSION RETURN,RETURN IDENTIFIER DOTCOMMA CKEY DTINTEGER IDENTIFIER OPAR DTINTEGER IDENTIFIER CPAR OKEY DTINTEGER IDENTIFIER ASSIGN VINTEGER DOTCOMMA PRINT OPAR IDENTIFIER CPAR DOTCOMMA RETURN IDENTIFIER DOTCOMMA CKEY MAIN OKEY DTBOOL IDENTIFIER ASSIGN IDENTIFIER DOTCOMMA DTBOOL IDENTIFIER ASSIGN IDENTIFIER DOTCOMMA CKEY $,Terminal
$ MAIN' FUNCTION' CKEY IFELSES LOOPS STATEMENTS DOTCOMMA EXPRESSION,IDENTIFIER DOTCOMMA CKEY DTINTEGER IDENTIFIER OPAR DTINTEGER IDENTIFIER CPAR OKEY DTINTEGER IDENTIFIER ASSIGN VINTEGER DOTCOMMA PRINT OPAR IDENTIFIER CPAR DOTCOMMA RETURN IDENTIFIER DOTCOMMA CKEY MAIN OKEY DTBOOL IDENTIFIER ASSIGN IDENTIFIER DOTCOMMA DTBOOL IDENTIFIER ASSIGN IDENTIFIER DOTCOMMA CKEY $,EXPRESSION -> TERM EXPRESSION'
$ MAIN' FUNCTION' CKEY IFELSES LOOPS STATEMENTS DOTCOMMA EXPRESSION' TERM,IDENTIFIER DOTCOMMA CKEY DTINTEGER IDENTIFIER OPAR DTINTEGER IDENTIFIER CPAR OKEY DTINTEGER IDENTIFIER ASSIGN VINTEGER DOTCOMMA PRINT OPAR IDENTIFIER CPAR DOTCOMMA RETURN IDENTIFIER DOTCOMMA CKEY MAIN OKEY DTBOOL IDENTIFIER ASSIGN IDENTIFIER DOTCOMMA DTBOOL IDENTIFIER ASSIGN IDENTIFIER DOTCOMMA CKEY $,TERM -> FACTOR TERM'
$ MAIN' FUNCTION' CKEY IFELSES LOOPS STATEMENTS DOTCOMMA EXPRESSION' TERM' FACTOR,IDENTIFIER DOTCOMMA CKEY DTINTEGER IDENTIFIER OPAR DTINTEGER IDENTIFIER CPAR OKEY DTINTEGER IDENTIFIER ASSIGN VINTEGER DOTCOMMA PRINT OPAR IDENTIFIER CPAR DOTCOMMA RETURN IDENTIFIER DOTCOMMA CKEY MAIN OKEY DTBOOL IDENTIFIER ASSIGN IDENTIFIER DOTCOMMA DTBOOL IDENTIFIER ASSIGN IDENTIFIER DOTCOMMA CKEY $,FACTOR -> DVORID
$ MAIN' FUNCTION' CKEY IFELSES LOOPS STATEMENTS DOTCOMMA EXPRESSION' TERM' DVORID,IDENTIFIER DOTCOMMA CKEY DTINTEGER IDENTIFIER OPAR DTINTEGER IDENTIFIER CPAR OKEY DTINTEGER IDENTIFIER ASSIGN VINTEGER DOTCOMMA PRINT OPAR IDENTIFIER CPAR DOTCOMMA RETURN IDENTIFIER DOTCOMMA CKEY MAIN OKEY DTBOOL IDENTIFIER ASSIGN IDENTIFIER DOTCOMMA DTBOOL IDENTIFIER ASSIGN IDENTIFIER DOTCOMMA CKEY $,DVORID -> IDENTIFIER
$ MAIN' FUNCTION' CKEY IFELSES LOOPS STATEMENTS DOTCOMMA EXPRESSION' TERM' IDENTIFIER,IDENTIFIER DOTCOMMA CKEY DTINTEGER IDENTIFIER OPAR DTINTEGER IDENTIFIER CPAR OKEY DTINTEGER IDENTIFIER ASSIGN VINTEGER DOTCOMMA PRINT OPAR IDENTIFIER CPAR DOTCOMMA RETURN IDENTIFIER DOTCOMMA CKEY MAIN OKEY DTBOOL IDENTIFIER ASSIGN IDENTIFIER DOTCOMMA DTBOOL IDENTIFIER ASSIGN IDENTIFIER DOTCOMMA CKEY $,Terminal
$ MAIN' FUNCTION' CKEY IFELSES LOOPS STATEMENTS DOTCOMMA EXPRESSION' TERM',DOTCOMMA CKEY DTINTEGER IDENTIFIER OPAR DTINTEGER IDENTIFIER CPAR OKEY DTINTEGER IDENTIFIER ASSIGN VINTEGER DOTCOMMA PRINT OPAR IDENTIFIER CPAR DOTCOMMA RETURN IDENTIFIER DOTCOMMA CKEY MAIN OKEY DTBOOL IDENTIFIER ASSIGN IDENTIFIER DOTCOMMA DTBOOL IDENTIFIER ASSIGN IDENTIFIER DOTCOMMA CKEY $,TERM' -> ε
$ MAIN' FUNCTION' CKEY IFELSES LOOPS STATEMENTS DOTCOMMA EXPRESSION',DOTCOMMA CKEY DTINTEGER IDENTIFIER OPAR DTINTEGER IDENTIFIER CPAR OKEY DTINTEGER IDENTIFIER ASSIGN VINTEGER DOTCOMMA PRINT OPAR IDENTIFIER CPAR DOTCOMMA RETURN IDENTIFIER DOTCOMMA CKEY MAIN OKEY DTBOOL IDENTIFIER ASSIGN IDENTIFIER DOTCOMMA DTBOOL IDENTIFIER ASSIGN IDENTIFIER DOTCOMMA CKEY $,EXPRESSION' -> ε
$ MAIN' FUNCTION' CKEY IFELSES LOOPS STATEMENTS DOTCOMMA,DOTCOMMA CKEY DTINTEGER IDENTIFIER OPAR DTINTEGER IDENTIFIER CPAR OKEY DTINTEGER IDENTIFIER ASSIGN VINTEGER DOTCOMMA PRINT OPAR IDENTIFIER CPAR DOTCOMMA RETURN IDENTIFIER DOTCOMMA CKEY MAIN OKEY DTBOOL IDENTIFIER ASSIGN IDENTIFIER DOTCOMMA DTBOOL IDENTIFIER ASSIGN IDENTIFIER DOTCOMMA CKEY $,Terminal
$ MAIN' FUNCTION' CKEY IFELSES LOOPS STATEMENTS,CKEY DTINTEGER IDENTIFIER OPAR DTINTEGER IDENTIFIER CPAR OKEY DTINTEGER IDENTIFIER ASSIGN VINTEGER DOTCOMMA PRINT OPAR IDENTIFIER CPAR DOTCOMMA RETURN IDENTIFIER DOTCOMMA CKEY MAIN OKEY DTBOOL IDENTIFIER ASSIGN IDENTIFIER DOTCOMMA DTBOOL IDENTIFIER ASSIGN IDENTIFIER DOTCOMMA CKEY $,STATEMENTS -> ε
$ MAIN' FUNCTION' CKEY IFELSES LOOPS,CKEY DTINTEGER IDENTIFIER OPAR DTINTEGER IDENTIFIER CPAR OKEY DTINTEGER IDENTIFIER ASSIGN VINTEGER DOTCOMMA PRINT OPAR IDENTIFIER CPAR DOTCOMMA RETURN IDENTIFIER DOTCOMMA CKEY MAIN OKEY DTBOOL IDENTIFIER ASSIGN IDENTIFIER DOTCOMMA DTBOOL IDENTIFIER ASSIGN IDENTIFIER DOTCOMMA CKEY $,LOOPS -> ε
$ MAIN' FUNCTION' CKEY IFELSES,CKEY DTINTEGER IDENTIFIER OPAR DTINTEGER IDENTIFIER CPAR OKEY DTINTEGER IDENTIFIER ASSIGN VINTEGER DOTCOMMA PRINT OPAR IDENTIFIER CPAR DOTCOMMA RETURN IDENTIFIER DOTCOMMA CKEY MAIN OKEY DTBOOL IDENTIFIER ASSIGN IDENTIFIER DOTCOMMA DTBOOL IDENTIFIER ASSIGN IDENTIFIER DOTCOMMA CKEY $,IFELSES -> ε
$ MAIN' FUNCTION' CKEY,CKEY DTINTEGER IDENTIFIER OPAR DTINTEGER IDENTIFIER CPAR OKEY DTINTEGER IDENTIFIER ASSIGN VINTEGER DOTCOMMA PRINT OPAR IDENTIFIER CPAR DOTCOMMA RETURN IDENTIFIER DOTCOMMA CKEY MAIN OKEY DTBOOL IDENTIFIER ASSIGN IDENTIFIER DOTCOMMA DTBOOL IDENTIFIER ASSIGN IDENTIFIER DOTCOMMA CKEY $,Terminal
$ MAIN' FUNCTION',DTINTEGER IDENTIFIER OPAR DTINTEGER IDENTIFIER CPAR OKEY DTINTEGER IDENTIFIER ASSIGN VINTEGER DOTCOMMA PRINT OPAR IDENTIFIER CPAR DOTCOMMA RETURN IDENTIFIER DOTCOMMA CKEY MAIN OKEY DTBOOL IDENTIFIER ASSIGN IDENTIFIER DOTCOMMA DTBOOL IDENTIFIER ASSIGN IDENTIFIER DOTCOMMA CKEY $,FUNCTION' -> DATATYPE IDENTIFIER OPAR PARAMETERS CPAR OKEY STATEMENTS LOOPS IFELSES CKEY FUNCTION'
$ MAIN' FUNCTION' CKEY IFELSES LOOPS STATEMENTS OKEY CPAR PARAMETERS OPAR IDENTIFIER DATATYPE,DTINTEGER IDENTIFIER OPAR DTINTEGER IDENTIFIER CPAR OKEY DTINTEGER IDENTIFIER ASSIGN VINTEGER DOTCOMMA PRINT OPAR IDENTIFIER CPAR DOTCOMMA RETURN IDENTIFIER DOTCOMMA CKEY MAIN OKEY DTBOOL IDENTIFIER ASSIGN IDENTIFIER DOTCOMMA DTBOOL IDENTIFIER ASSIGN IDENTIFIER DOTCOMMA CKEY $,DATATYPE -> DTINTEGER
$ MAIN' FUNCTION' CKEY IFELSES LOOPS STATEMENTS OKEY CPAR PARAMETERS OPAR IDENTIFIER DTINTEGER,DTINTEGER IDENTIFIER OPAR DTINTEGER IDENTIFIER CPAR OKEY DTINTEGER IDENTIFIER ASSIGN VINTEGER DOTCOMMA PRINT OPAR IDENTIFIER CPAR DOTCOMMA RETURN IDENTIFIER DOTCOMMA CKEY MAIN OKEY DTBOOL IDENTIFIER ASSIGN IDENTIFIER DOTCOMMA DTBOOL IDENTIFIER ASSIGN IDENTIFIER DOTCOMMA CKEY $,Terminal
$ MAIN' FUNCTION' CKEY IFELSES LOOPS STATEMENTS OKEY CPAR PARAMETERS OPAR IDENTIFIER,IDENTIFIER OPAR DTINTEGER IDENTIFIER CPAR OKEY DTINTEGER IDENTIFIER ASSIGN VINTEGER DOTCOMMA PRINT OPAR IDENTIFIER CPAR DOTCOMMA RETURN IDENTIFIER DOTCOMMA CKEY MAIN OKEY DTBOOL IDENTIFIER ASSIGN IDENTIFIER DOTCOMMA DTBOOL IDENTIFIER ASSIGN IDENTIFIER DOTCOMMA CKEY $,Terminal
$ MAIN' FUNCTION' CKEY IFELSES LOOPS STATEMENTS OKEY CPAR PARAMETERS OPAR,OPAR DTINTEGER IDENTIFIER CPAR OKEY DTINTEGER IDENTIFIER ASSIGN VINTEGER DOTCOMMA PRINT OPAR IDENTIFIER CPAR DOTCOMMA RETURN IDENTIFIER DOTCOMMA CKEY MAIN OKEY DTBOOL IDENTIFIER ASSIGN IDENTIFIER DOTCOMMA DTBOOL IDENTIFIER ASSIGN IDENTIFIER DOTCOMMA CKEY $,Terminal
$ MAIN' FUNCTION' CKEY IFELSES LOOPS STATEMENTS OKEY CPAR PARAMETERS,DTINTEGER IDENTIFIER CPAR OKEY DTINTEGER IDENTIFIER ASSIGN VINTEGER DOTCOMMA PRINT OPAR IDENTIFIER CPAR DOTCOMMA RETURN IDENTIFIER DOTCOMMA CKEY MAIN OKEY DTBOOL IDENTIFIER ASSIGN IDENTIFIER DOTCOMMA DTBOOL IDENTIFIER ASSIGN IDENTIFIER DOTCOMMA CKEY $,PARAMETERS -> PARAMETER MORE_PARAMETERS
$ MAIN' FUNCTION' CKEY IFELSES LOOPS STATEMENTS OKEY CPAR MORE_PARAMETERS PARAMETER,DTINTEGER IDENTIFIER CPAR OKEY DTINTEGER IDENTIFIER ASSIGN VINTEGER DOTCOMMA PRINT OPAR IDENTIFIER CPAR DOTCOMMA RETURN IDENTIFIER DOTCOMMA CKEY MAIN OKEY DTBOOL IDENTIFIER ASSIGN IDENTIFIER DOTCOMMA DTBOOL IDENTIFIER ASSIGN IDENTIFIER DOTCOMMA CKEY $,PARAMETER -> DATATYPE IDENTIFIER
$ MAIN' FUNCTION' CKEY IFELSES LOOPS STATEMENTS OKEY CPAR MORE_PARAMETERS IDENTIFIER DATATYPE,DTINTEGER IDENTIFIER CPAR OKEY DTINTEGER IDENTIFIER ASSIGN VINTEGER DOTCOMMA PRINT OPAR IDENTIFIER CPAR DOTCOMMA RETURN IDENTIFIER DOTCOMMA CKEY MAIN OKEY DTBOOL IDENTIFIER ASSIGN IDENTIFIER DOTCOMMA DTBOOL IDENTIFIER ASSIGN IDENTIFIER DOTCOMMA CKEY $,DATATYPE -> DTINTEGER
$ MAIN' FUNCTION' CKEY IFELSES LOOPS STATEMENTS OKEY CPAR MORE_PARAMETERS IDENTIFIER DTINTEGER,DTINTEGER IDENTIFIER CPAR OKEY DTINTEGER IDENTIFIER ASSIGN VINTEGER DOTCOMMA PRINT OPAR IDENTIFIER CPAR DOTCOMMA RETURN IDENTIFIER DOTCOMMA CKEY MAIN OKEY DTBOOL IDENTIFIER ASSIGN IDENTIFIER DOTCOMMA DTBOOL IDENTIFIER ASSIGN IDENTIFIER DOTCOMMA CKEY $,Terminal
$ MAIN' FUNCTION' CKEY IFELSES LOOPS STATEMENTS OKEY CPAR MORE_PARAMETERS IDENTIFIER,IDENTIFIER CPAR OKEY DTINTEGER IDENTIFIER ASSIGN VINTEGER DOTCOMMA PRINT OPAR IDENTIFIER CPAR DOTCOMMA RETURN IDENTIFIER DOTCOMMA CKEY MAIN OKEY DTBOOL IDENTIFIER ASSIGN IDENTIFIER DOTCOMMA DTBOOL IDENTIFIER ASSIGN IDENTIFIER DOTCOMMA CKEY $,Terminal
$ MAIN' FUNCTION' CKEY IFELSES LOOPS STATEMENTS OKEY CPAR MORE_PARAMETERS,CPAR OKEY DTINTEGER IDENTIFIER ASSIGN VINTEGER DOTCOMMA PRINT OPAR IDENTIFIER CPAR DOTCOMMA RETURN IDENTIFIER DOTCOMMA CKEY MAIN OKEY DTBOOL IDENTIFIER ASSIGN IDENTIFIER DOTCOMMA DTBOOL IDENTIFIER ASSIGN IDENTIFIER DOTCOMMA CKEY $,MORE_PARAMETERS -> ε
$ MAIN' FUNCTION' CKEY IFELSES LOOPS STATEMENTS OKEY CPAR,CPAR OKEY DTINTEGER IDENTIFIER ASSIGN VINTEGER DOTCOMMA PRINT OPAR IDENTIFIER CPAR DOTCOMMA RETURN IDENTIFIER DOTCOMMA CKEY MAIN OKEY DTBOOL IDENTIFIER ASSIGN IDENTIFIER DOTCOMMA DTBOOL IDENTIFIER ASSIGN IDENTIFIER DOTCOMMA CKEY $,Terminal
$ MAIN' FUNCTION' CKEY IFELSES LOOPS STATEMENTS OKEY,OKEY DTINTEGER IDENTIFIER ASSIGN VINTEGER DOTCOMMA PRINT OPAR IDENTIFIER CPAR DOTCOMMA RETURN IDENTIFIER DOTCOMMA CKEY MAIN OKEY DTBOOL IDENTIFIER ASSIGN IDENTIFIER DOTCOMMA DTBOOL IDENTIFIER ASSIGN IDENTIFIER DOTCOMMA CKEY $,Terminal
$ MAIN' FUNCTION' CKEY IFELSES LOOPS STATEMENTS,DTINTEGER IDENTIFIER ASSIGN VINTEGER DOTCOMMA PRINT OPAR IDENTIFIER CPAR DOTCOMMA RETURN IDENTIFIER DOTCOMMA CKEY MAIN OKEY DTBOOL IDENTIFIER ASSIGN IDENTIFIER DOTCOMMA DTBOOL IDENTIFIER ASSIGN IDENTIFIER DOTCOMMA CKEY $,STATEMENTS -> ASSIGNMENT STATEMENTS
$ MAIN' FUNCTION' CKEY IFELSES LOOPS STATEMENTS ASSIGNMENT,DTINTEGER IDENTIFIER ASSIGN VINTEGER DOTCOMMA PRINT OPAR IDENTIFIER CPAR DOTCOMMA RETURN IDENTIFIER DOTCOMMA CKEY MAIN OKEY DTBOOL IDENTIFIER ASSIGN IDENTIFIER DOTCOMMA DTBOOL IDENTIFIER ASSIGN IDENTIFIER DOTCOMMA CKEY $,ASSIGNMENT -> DATATYPE IDENTIFIER ASSIGN EXPRESSION DOTCOMMA
$ MAIN' FUNCTION' CKEY IFELSES LOOPS STATEMENTS DOTCOMMA EXPRESSION ASSIGN IDENTIFIER DATATYPE,DTINTEGER IDENTIFIER ASSIGN VINTEGER DOTCOMMA PRINT OPAR IDENTIFIER CPAR DOTCOMMA RETURN IDENTIFIER DOTCOMMA CKEY MAIN OKEY DTBOOL IDENTIFIER ASSIGN IDENTIFIER DOTCOMMA DTBOOL IDENTIFIER ASSIGN IDENTIFIER DOTCOMMA CKEY $,DATATYPE -> DTINTEGER
$ MAIN' FUNCTION' CKEY IFELSES LOOPS STATEMENTS DOTCOMMA EXPRESSION ASSIGN IDENTIFIER DTINTEGER,DTINTEGER IDENTIFIER ASSIGN VINTEGER DOTCOMMA PRINT OPAR IDENTIFIER CPAR DOTCOMMA RETURN IDENTIFIER DOTCOMMA CKEY MAIN OKEY DTBOOL IDENTIFIER ASSIGN IDENTIFIER DOTCOMMA DTBOOL IDENTIFIER ASSIGN IDENTIFIER DOTCOMMA CKEY $,Terminal
$ MAIN' FUNCTION' CKEY IFELSES LOOPS STATEMENTS DOTCOMMA EXPRESSION ASSIGN IDENTIFIER,IDENTIFIER ASSIGN VINTEGER DOTCOMMA PRINT OPAR IDENTIFIER CPAR DOTCOMMA RETURN IDENTIFIER DOTCOMMA CKEY MAIN OKEY DTBOOL IDENTIFIER ASSIGN IDENTIFIER DOTCOMMA DTBOOL IDENTIFIER ASSIGN IDENTIFIER DOTCOMMA CKEY $,Terminal
$ MAIN' FUNCTION' CKEY IFELSES LOOPS STATEMENTS DOTCOMMA EXPRESSION ASSIGN,ASSIGN VINTEGER DOTCOMMA PRINT OPAR IDENTIFIER CPAR DOTCOMMA RETURN IDENTIFIER DOTCOMMA CKEY MAIN OKEY DTBOOL IDENTIFIER ASSIGN IDENTIFIER DOTCOMMA DTBOOL IDENTIFIER ASSIGN IDENTIFIER DOTCOMMA CKEY $,Terminal
$ MAIN' FUNCTION' CKEY IFELSES LOOPS STATEMENTS DOTCOMMA EXPRESSION,VINTEGER DOTCOMMA PRINT OPAR IDENTIFIER CPAR DOTCOMMA RETURN IDENTIFIER DOTCOMMA CKEY MAIN OKEY DTBOOL IDENTIFIER ASSIGN IDENTIFIER DOTCOMMA DTBOOL IDENTIFIER ASSIGN IDENTIFIER DOTCOMMA CKEY $,EXPRESSION -> TERM EXPRESSION'
$ MAIN' FUNCTION' CKEY IFELSES LOOPS STATEMENTS DOTCOMMA EXPRESSION' TERM,VINTEGER DOTCOMMA PRINT OPAR IDENTIFIER CPAR DOTCOMMA RETURN IDENTIFIER DOTCOMMA CKEY MAIN OKEY DTBOOL IDENTIFIER ASSIGN IDENTIFIER DOTCOMMA DTBOOL IDENTIFIER ASSIGN IDENTIFIER DOTCOMMA CKEY $,TERM -> FACTOR TERM'
$ MAIN' FUNCTION' CKEY IFELSES LOOPS STATEMENTS DOTCOMMA EXPRESSION' TERM' FACTOR,VINTEGER DOTCOMMA PRINT OPAR IDENTIFIER CPAR DOTCOMMA RETURN IDENTIFIER DOTCOMMA CKEY MAIN OKEY DTBOOL IDENTIFIER ASSIGN IDENTIFIER DOTCOMMA DTBOOL IDENTIFIER ASSIGN IDENTIFIER DOTCOMMA CKEY $,FACTOR -> DVORID
$ MAIN' FUNCTION' CKEY IFELSES LOOPS STATEMENTS DOTCOMMA EXPRESSION' TERM' DVORID,VINTEGER DOTCOMMA PRINT OPAR IDENTIFIER CPAR DOTCOMMA RETURN IDENTIFIER DOTCOMMA CKEY MAIN OKEY DTBOOL IDENTIFIER ASSIGN IDENTIFIER DOTCOMMA DTBOOL IDENTIFIER ASSIGN IDENTIFIER DOTCOMMA CKEY $,DVORID -> VINTEGER
$ MAIN' FUNCTION' CKEY IFELSES LOOPS STATEMENTS DOTCOMMA EXPRESSION' TERM' VINTEGER,VINTEGER DOTCOMMA PRINT OPAR IDENTIFIER CPAR DOTCOMMA RETURN IDENTIFIER DOTCOMMA CKEY MAIN OKEY DTBOOL IDENTIFIER ASSIGN IDENTIFIER DOTCOMMA DTBOOL IDENTIFIER ASSIGN IDENTIFIER DOTCOMMA CKEY $,Terminal
$ MAIN' FUNCTION' CKEY IFELSES LOOPS STATEMENTS DOTCOMMA EXPRESSION' TERM',DOTCOMMA PRINT OPAR IDENTIFIER CPAR DOTCOMMA RETURN IDENTIFIER DOTCOMMA CKEY MAIN OKEY DTBOOL IDENTIFIER ASSIGN IDENTIFIER DOTCOMMA DTBOOL IDENTIFIER ASSIGN IDENTIFIER DOTCOMMA CKEY $,TERM' -> ε
$ MAIN' FUNCTION' CKEY IFELSES LOOPS STATEMENTS DOTCOMMA EXPRESSION',DOTCOMMA PRINT OPAR IDENTIFIER CPAR DOTCOMMA RETURN IDENTIFIER DOTCOMMA CKEY MAIN OKEY DTBOOL IDENTIFIER ASSIGN IDENTIFIER DOTCOMMA DTBOOL IDENTIFIER ASSIGN IDENTIFIER DOTCOMMA CKEY $,EXPRESSION' -> ε
$ MAIN' FUNCTION' CKEY IFELSES LOOPS STATEMENTS DOTCOMMA,DOTCOMMA PRINT OPAR IDENTIFIER CPAR DOTCOMMA RETURN IDENTIFIER DOTCOMMA CKEY MAIN OKEY DTBOOL IDENTIFIER ASSIGN IDENTIFIER DOTCOMMA DTBOOL IDENTIFIER ASSIGN IDENTIFIER DOTCOMMA CKEY $,Terminal
$ MAIN' FUNCTION' CKEY IFELSES LOOPS STATEMENTS,PRINT OPAR IDENTIFIER CPAR DOTCOMMA RETURN IDENTIFIER DOTCOMMA CKEY MAIN OKEY DTBOOL IDENTIFIER ASSIGN IDENTIFIER DOTCOMMA DTBOOL IDENTIFIER ASSIGN IDENTIFIER DOTCOMMA CKEY $,STATEMENTS -> PRINT OPAR EXPRESSION CPAR DOTCOMMA STATEMENTS
$ MAIN' FUNCTION' CKEY IFELSES LOOPS STATEMENTS DOTCOMMA CPAR EXPRESSION OPAR PRINT,PRINT OPAR IDENTIFIER CPAR DOTCOMMA RETURN IDENTIFIER DOTCOMMA CKEY MAIN OKEY DTBOOL IDENTIFIER ASSIGN IDENTIFIER DOTCOMMA DTBOOL IDENTIFIER ASSIGN IDENTIFIER DOTCOMMA CKEY $,Terminal
$ MAIN' FUNCTION' CKEY IFELSES LOOPS STATEMENTS DOTCOMMA CPAR EXPRESSION OPAR,OPAR IDENTIFIER CPAR DOTCOMMA RETURN IDENTIFIER DOTCOMMA CKEY MAIN OKEY DTBOOL IDENTIFIER ASSIGN IDENTIFIER DOTCOMMA DTBOOL IDENTIFIER ASSIGN IDENTIFIER DOTCOMMA CKEY $,Terminal
$ MAIN' FUNCTION' CKEY IFELSES LOOPS STATEMENTS DOTCOMMA CPAR EXPRESSION,IDENTIFIER CPAR DOTCOMMA RETURN IDENTIFIER DOTCOMMA CKEY MAIN OKEY DTBOOL IDENTIFIER ASSIGN IDENTIFIER DOTCOMMA DTBOOL IDENTIFIER ASSIGN IDENTIFIER DOTCOMMA CKEY $,EXPRESSION -> TERM EXPRESSION'
$ MAIN' FUNCTION' CKEY IFELSES LOOPS STATEMENTS DOTCOMMA CPAR EXPRESSION' TERM,IDENTIFIER CPAR DOTCOMMA RETURN IDENTIFIER DOTCOMMA CKEY MAIN OKEY DTBOOL IDENTIFIER ASSIGN IDENTIFIER DOTCOMMA DTBOOL IDENTIFIER ASSIGN IDENTIFIER DOTCOMMA CKEY $,TERM -> FACTOR TERM'
$ MAIN' FUNCTION' CKEY IFELSES LOOPS STATEMENTS DOTCOMMA CPAR EXPRESSION' TERM' FACTOR,IDENTIFIER CPAR DOTCOMMA RETURN IDENTIFIER DOTCOMMA CKEY MAIN OKEY DTBOOL IDENTIFIER ASSIGN IDENTIFIER DOTCOMMA DTBOOL IDENTIFIER ASSIGN IDENTIFIER DOTCOMMA CKEY $,FACTOR -> DVORID
$ MAIN' FUNCTION' CKEY IFELSES LOOPS STATEMENTS DOTCOMMA CPAR EXPRESSION' TERM' DVORID,IDENTIFIER CPAR DOTCOMMA RETURN IDENTIFIER DOTCOMMA CKEY MAIN OKEY DTBOOL IDENTIFIER ASSIGN IDENTIFIER DOTCOMMA DTBOOL IDENTIFIER ASSIGN IDENTIFIER DOTCOMMA CKEY $,DVORID -> IDENTIFIER
$ MAIN' FUNCTION' CKEY IFELSES LOOPS STATEMENTS DOTCOMMA CPAR EXPRESSION' TERM' IDENTIFIER,IDENTIFIER CPAR DOTCOMMA RETURN IDENTIFIER DOTCOMMA CKEY MAIN OKEY DTBOOL IDENTIFIER ASSIGN IDENTIFIER DOTCOMMA DTBOOL IDENTIFIER ASSIGN IDENTIFIER DOTCOMMA CKEY $,Terminal
$ MAIN' FUNCTION' CKEY IFELSES LOOPS STATEMENTS DOTCOMMA CPAR EXPRESSION' TERM',CPAR DOTCOMMA RETURN IDENTIFIER DOTCOMMA CKEY MAIN OKEY DTBOOL IDENTIFIER ASSIGN IDENTIFIER DOTCOMMA DTBOOL IDENTIFIER ASSIGN IDENTIFIER DOTCOMMA CKEY $,TERM' -> ε
$ MAIN' FUNCTION' CKEY IFELSES LOOPS STATEMENTS DOTCOMMA CPAR EXPRESSION',CPAR DOTCOMMA RETURN IDENTIFIER DOTCOMMA CKEY MAIN OKEY DTBOOL IDENTIFIER ASSIGN IDENTIFIER DOTCOMMA DTBOOL IDENTIFIER ASSIGN IDENTIFIER DOTCOMMA CKEY $,EXPRESSION' -> ε
$ MAIN' FUNCTION' CKEY IFELSES LOOPS STATEMENTS DOTCOMMA CPAR,CPAR DOTCOMMA RETURN IDENTIFIER DOTCOMMA CKEY MAIN OKEY DTBOOL IDENTIFIER ASSIGN IDENTIFIER DOTCOMMA DTBOOL IDENTIFIER ASSIGN IDENTIFIER DOTCOMMA CKEY $,Terminal
$ MAIN' FUNCTION' CKEY IFELSES LOOPS STATEMENTS DOTCOMMA,DOTCOMMA RETURN IDENTIFIER DOTCOMMA CKEY MAIN OKEY DTBOOL IDENTIFIER ASSIGN IDENTIFIER DOTCOMMA DTBOOL IDENTIFIER ASSIGN IDENTIFIER DOTCOMMA CKEY $,Terminal
$ MAIN' FUNCTION' CKEY IFELSES LOOPS STATEMENTS,RETURN IDENTIFIER DOTCOMMA CKEY MAIN OKEY DTBOOL IDENTIFIER ASSIGN IDENTIFIER DOTCOMMA DTBOOL IDENTIFIER ASSIGN IDENTIFIER DOTCOMMA CKEY $,STATEMENTS -> RETURN EXPRESSION DOTCOMMA STATEMENTS
$ MAIN' FUNCTION' CKEY IFELSES LOOPS STATEMENTS DOTCOMMA EXPRESSION RETURN,RETURN IDENTIFIER DOTCOMMA CKEY MAIN OKEY DTBOOL IDENTIFIER ASSIGN IDENTIFIER DOTCOMMA DTBOOL IDENTIFIER ASSIGN IDENTIFIER DOTCOMMA CKEY $,Terminal
$ MAIN' FUNCTION' CKEY IFELSES LOOPS STATEMENTS DOTCOMMA EXPRESSION,IDENTIFIER DOTCOMMA CKEY MAIN OKEY DTBOOL IDENTIFIER ASSIGN IDENTIFIER DOTCOMMA DTBOOL IDENTIFIER ASSIGN IDENTIFIER DOTCOMMA CKEY $,EXPRESSION -> TERM EXPRESSION'
$ MAIN' FUNCTION' CKEY IFELSES LOOPS STATEMENTS DOTCOMMA EXPRESSION' TERM,IDENTIFIER DOTCOMMA CKEY MAIN OKEY DTBOOL IDENTIFIER ASSIGN IDENTIFIER DOTCOMMA DTBOOL IDENTIFIER ASSIGN IDENTIFIER DOTCOMMA CKEY $,TERM -> FACTOR TERM'
$ MAIN' FUNCTION' CKEY IFELSES LOOPS STATEMENTS DOTCOMMA EXPRESSION' TERM' FACTOR,IDENTIFIER DOTCOMMA CKEY MAIN OKEY DTBOOL IDENTIFIER ASSIGN IDENTIFIER DOTCOMMA DTBOOL IDENTIFIER ASSIGN IDENTIFIER DOTCOMMA CKEY $,FACTOR -> DVORID
$ MAIN' FUNCTION' CKEY IFELSES LOOPS STATEMENTS DOTCOMMA EXPRESSION' TERM' DVORID,IDENTIFIER DOTCOMMA CKEY MAIN OKEY DTBOOL IDENTIFIER ASSIGN IDENTIFIER DOTCOMMA DTBOOL IDENTIFIER ASSIGN IDENTIFIER DOTCOMMA CKEY $,DVORID -> IDENTIFIER
$ MAIN' FUNCTION' CKEY IFELSES LOOPS STATEMENTS DOTCOMMA EXPRESSION' TERM' IDENTIFIER,IDENTIFIER DOTCOMMA CKEY MAIN OKEY DTBOOL IDENTIFIER ASSIGN IDENTIFIER DOTCOMMA DTBOOL IDENTIFIER ASSIGN IDENTIFIER DOTCOMMA CKEY $,Terminal
$ MAIN' FUNCTION' CKEY IFELSES LOOPS STATEMENTS DOTCOMMA EXPRESSION' TERM',DOTCOMMA CKEY MAIN OKEY DTBOOL IDENTIFIER ASSIGN IDENTIFIER DOTCOMMA DTBOOL IDENTIFIER ASSIGN IDENTIFIER DOTCOMMA CKEY $,TERM' -> ε
$ MAIN' FUNCTION' CKEY IFELSES LOOPS STATEMENTS DOTCOMMA EXPRESSION',DOTCOMMA CKEY MAIN OKEY DTBOOL IDENTIFIER ASSIGN IDENTIFIER DOTCOMMA DTBOOL IDENTIFIER ASSIGN IDENTIFIER DOTCOMMA CKEY $,EXPRESSION' -> ε
$ MAIN' FUNCTION' CKEY IFELSES LOOPS STATEMENTS DOTCOMMA,DOTCOMMA CKEY MAIN OKEY DTBOOL IDENTIFIER ASSIGN IDENTIFIER DOTCOMMA DTBOOL IDENTIFIER ASSIGN IDENTIFIER DOTCOMMA CKEY $,Terminal
$ MAIN' FUNCTION' CKEY IFELSES LOOPS STATEMENTS,CKEY MAIN OKEY DTBOOL IDENTIFIER ASSIGN IDENTIFIER DOTCOMMA DTBOOL IDENTIFIER ASSIGN IDENTIFIER DOTCOMMA CKEY $,STATEMENTS -> ε
$ MAIN' FUNCTION' CKEY IFELSES LOOPS,CKEY MAIN OKEY DTBOOL IDENTIFIER ASSIGN IDENTIFIER DOTCOMMA DTBOOL IDENTIFIER ASSIGN IDENTIFIER DOTCOMMA CKEY $,LOOPS -> ε
$ MAIN' FUNCTION' CKEY IFELSES,CKEY MAIN OKEY DTBOOL IDENTIFIER ASSIGN IDENTIFIER DOTCOMMA DTBOOL IDENTIFIER ASSIGN IDENTIFIER DOTCOMMA CKEY $,IFELSES -> ε
$ MAIN' FUNCTION' CKEY,CKEY MAIN OKEY DTBOOL IDENTIFIER ASSIGN IDENTIFIER DOTCOMMA DTBOOL IDENTIFIER ASSIGN IDENTIFIER DOTCOMMA CKEY $,Terminal
$ MAIN' FUNCTION',MAIN OKEY DTBOOL IDENTIFIER ASSIGN IDENTIFIER DOTCOMMA DTBOOL IDENTIFIER ASSIGN IDENTIFIER DOTCOMMA CKEY $,FUNCTION' -> ε
$ MAIN',MAIN OKEY DTBOOL IDENTIFIER ASSIGN IDENTIFIER DOTCOMMA DTBOOL IDENTIFIER ASSIGN IDENTIFIER DOTCOMMA CKEY $,MAIN' -> MAIN OKEY STATEMENTS LOOPS IFELSES CKEY
$ CKEY IFELSES LOOPS STATEMENTS OKEY MAIN,MAIN OKEY DTBOOL IDENTIFIER ASSIGN IDENTIFIER DOTCOMMA DTBOOL IDENTIFIER ASSIGN IDENTIFIER DOTCOMMA CKEY $,Terminal
$ CKEY IFELSES LOOPS STATEMENTS OKEY,OKEY DTBOOL IDENTIFIER ASSIGN IDENTIFIER DOTCOMMA DTBOOL IDENTIFIER ASSIGN IDENTIFIER DOTCOMMA CKEY $,Terminal
$ CKEY IFELSES LOOPS STATEMENTS,DTBOOL IDENTIFIER ASSIGN IDENTIFIER DOTCOMMA DTBOOL IDENTIFIER ASSIGN IDENTIFIER DOTCOMMA CKEY $,STATEMENTS -> ASSIGNMENT STATEMENTS
$ CKEY IFELSES LOOPS STATEMENTS ASSIGNMENT,DTBOOL IDENTIFIER ASSIGN IDENTIFIER DOTCOMMA DTBOOL IDENTIFIER ASSIGN IDENTIFIER DOTCOMMA CKEY $,ASSIGNMENT -> DATATYPE IDENTIFIER ASSIGN EXPRESSION DOTCOMMA
$ CKEY IFELSES LOOPS STATEMENTS DOTCOMMA EXPRESSION ASSIGN IDENTIFIER DATATYPE,DTBOOL IDENTIFIER ASSIGN IDENTIFIER DOTCOMMA DTBOOL IDENTIFIER ASSIGN IDENTIFIER DOTCOMMA CKEY $,DATATYPE -> DTBOOL
$ CKEY IFELSES LOOPS STATEMENTS DOTCOMMA EXPRESSION ASSIGN IDENTIFIER DTBOOL,DTBOOL IDENTIFIER ASSIGN IDENTIFIER DOTCOMMA DTBOOL IDENTIFIER ASSIGN IDENTIFIER DOTCOMMA CKEY $,Terminal
$ CKEY IFELSES LOOPS STATEMENTS DOTCOMMA EXPRESSION ASSIGN IDENTIFIER,IDENTIFIER ASSIGN IDENTIFIER DOTCOMMA DTBOOL IDENTIFIER ASSIGN IDENTIFIER DOTCOMMA CKEY $,Terminal
$ CKEY IFELSES LOOPS STATEMENTS DOTCOMMA EXPRESSION ASSIGN,ASSIGN IDENTIFIER DOTCOMMA DTBOOL IDENTIFIER ASSIGN IDENTIFIER DOTCOMMA CKEY $,Terminal
$ CKEY IFELSES LOOPS STATEMENTS DOTCOMMA EXPRESSION,IDENTIFIER DOTCOMMA DTBOOL IDENTIFIER ASSIGN IDENTIFIER DOTCOMMA CKEY $,EXPRESSION -> TERM EXPRESSION'
$ CKEY IFELSES LOOPS STATEMENTS DOTCOMMA EXPRESSION' TERM,IDENTIFIER DOTCOMMA DTBOOL IDENTIFIER ASSIGN IDENTIFIER DOTCOMMA CKEY $,TERM -> FACTOR TERM'
$ CKEY IFELSES LOOPS STATEMENTS DOTCOMMA EXPRESSION' TERM' FACTOR,IDENTIFIER DOTCOMMA DTBOOL IDENTIFIER ASSIGN IDENTIFIER DOTCOMMA CKEY $,FACTOR -> DVORID
$ CKEY IFELSES LOOPS STATEMENTS DOTCOMMA EXPRESSION' TERM' DVORID,IDENTIFIER DOTCOMMA DTBOOL IDENTIFIER ASSIGN IDENTIFIER DOTCOMMA CKEY $,DVORID -> IDENTIFIER
$ CKEY IFELSES LOOPS STATEMENTS DOTCOMMA EXPRESSION' TERM' IDENTIFIER,IDENTIFIER DOTCOMMA DTBOOL IDENTIFIER ASSIGN IDENTIFIER DOTCOMMA CKEY $,Terminal
$ CKEY IFELSES LOOPS STATEMENTS DOTCOMMA EXPRESSION' TERM',DOTCOMMA DTBOOL IDENTIFIER ASSIGN IDENTIFIER DOTCOMMA CKEY $,TERM' -> ε
$ CKEY IFELSES LOOPS STATEMENTS DOTCOMMA EXPRESSION',DOTCOMMA DTBOOL IDENTIFIER ASSIGN IDENTIFIER DOTCOMMA CKEY $,EXPRESSION' -> ε
$ CKEY IFELSES LOOPS STATEMENTS DOTCOMMA,DOTCOMMA DTBOOL IDENTIFIER ASSIGN IDENTIFIER DOTCOMMA CKEY $,Terminal
$ CKEY IFELSES LOOPS STATEMENTS,DTBOOL IDENTIFIER ASSIGN IDENTIFIER DOTCOMMA CKEY $,STATEMENTS -> ASSIGNMENT STATEMENTS
$ CKEY IFELSES LOOPS STATEMENTS ASSIGNMENT,DTBOOL IDENTIFIER ASSIGN IDENTIFIER DOTCOMMA CKEY $,ASSIGNMENT -> DATATYPE IDENTIFIER ASSIGN EXPRESSION DOTCOMMA
$ CKEY IFELSES LOOPS STATEMENTS DOTCOMMA EXPRESSION ASSIGN IDENTIFIER DATATYPE,DTBOOL IDENTIFIER ASSIGN IDENTIFIER DOTCOMMA CKEY $,DATATYPE -> DTBOOL
$ CKEY IFELSES LOOPS STATEMENTS DOTCOMMA EXPRESSION ASSIGN IDENTIFIER DTBOOL,DTBOOL IDENTIFIER ASSIGN IDENTIFIER DOTCOMMA CKEY $,Terminal
$ CKEY IFELSES LOOPS STATEMENTS DOTCOMMA EXPRESSION ASSIGN IDENTIFIER,IDENTIFIER ASSIGN IDENTIFIER DOTCOMMA CKEY $,Terminal
$ CKEY IFELSES LOOPS STATEMENTS DOTCOMMA EXPRESSION ASSIGN,ASSIGN IDENTIFIER DOTCOMMA CKEY $,Terminal
$ CKEY IFELSES LOOPS STATEMENTS DOTCOMMA EXPRESSION,IDENTIFIER DOTCOMMA CKEY $,EXPRESSION -> TERM EXPRESSION'
$ CKEY IFELSES LOOPS STATEMENTS DOTCOMMA EXPRESSION' TERM,IDENTIFIER DOTCOMMA CKEY $,TERM -> FACTOR TERM'
$ CKEY IFELSES LOOPS STATEMENTS DOTCOMMA EXPRESSION' TERM' FACTOR,IDENTIFIER DOTCOMMA CKEY $,FACTOR -> DVORID
$ CKEY IFELSES LOOPS STATEMENTS DOTCOMMA EXPRESSION' TERM' DVORID,IDENTIFIER DOTCOMMA CKEY $,DVORID -> IDENTIFIER
$ CKEY IFELSES LOOPS STATEMENTS DOTCOMMA EXPRESSION' TERM' IDENTIFIER,IDENTIFIER DOTCOMMA CKEY $,Terminal
$ CKEY IFELSES LOOPS STATEMENTS DOTCOMMA EXPRESSION' TERM',DOTCOMMA CKEY $,TERM' -> ε
$ CKEY IFELSES LOOPS STATEMENTS DOTCOMMA EXPRESSION',DOTCOMMA CKEY $,EXPRESSION' -> ε
$ CKEY IFELSES LOOPS STATEMENTS DOTCOMMA,DOTCOMMA CKEY $,Terminal
$ CKEY IFELSES LOOPS STATEMENTS,CKEY $,STATEMENTS -> ε
$ CKEY IFELSES LOOPS,CKEY $,LOOPS -> ε
$ CKEY IFELSES,CKEY $,IFELSES -> ε
$ CKEY,CKEY $,Terminal
$,$,Accept
